,type,position,reference,variant,haplotype,frequency
0,mutation,33,A,T,.,.
1,mutation,51,T,C,.,.
2,mutation,55,C,A,.,.
3,mutation,61,T,C,.,.
4,mutation,65,C,A,.,.
5,mutation,67,C,T,.,.
6,mutation,72,G,A,.,.
7,mutation,76,C,T,.,.
8,mutation,80,C,T,.,.
9,mutation,90,G,A,.,.
10,mutation,91,T,C,.,.
11,mutation,94,A,C,.,.
12,mutation,95,A,G,.,.
13,mutation,104,C,A,.,.
14,mutation,105,T,G,.,.
15,mutation,107,G,A,.,.
16,mutation,111,T,A,.,.
17,mutation,112,T,A,.,.
18,mutation,114,T,G,.,.
19,mutation,115,C,T,.,.
20,mutation,118,A,C,.,.
21,mutation,120,A,T,.,.
22,mutation,122,A,T,.,.
23,mutation,123,A,T,.,.
24,mutation,124,T,C,.,.
25,mutation,126,T,G,.,.
26,mutation,129,G,T,.,.
27,mutation,132,A,G,.,.
28,mutation,134,C,T,.,.
29,mutation,135,A,G,.,.
30,mutation,137,T,C,.,.
31,mutation,138,T,G,.,.
32,mutation,139,C,T,.,.
33,mutation,142,C,T,.,.
34,mutation,146,A,G,.,.
35,mutation,147,C,T,.,.
36,mutation,150,G,T,.,.
37,mutation,151,C,T,.,.
38,mutation,152,A,T,.,.
39,mutation,160,C,A,.,.
40,mutation,166,C,G,.,.
41,mutation,167,A,T,.,.
42,mutation,169,C,G,.,.
43,mutation,174,C,T,.,.
44,mutation,175,T,G,.,.
45,mutation,176,T,C,.,.
46,mutation,178,G,C,.,.
47,mutation,180,G,T,.,.
48,mutation,181,C,G,.,.
49,mutation,182,C,A,.,.
50,mutation,185,A,C,.,.
51,mutation,190,A,C,.,.
52,mutation,199,T,C,.,.
53,mutation,200,G,A,.,.
54,mutation,206,A,G,.,.
55,mutation,209,C,T,.,.
56,mutation,210,T,A,.,.
57,mutation,211,G,A,.,.
58,mutation,212,T,A,.,.
59,mutation,221,G,C,.,.
60,mutation,222,T,A,.,.
61,mutation,233,G,A,.,.
62,mutation,236,A,T,.,.
63,mutation,251,C,T,.,.
64,mutation,252,T,C,.,.
65,mutation,256,G,T,.,.
66,mutation,257,C,T,.,.
67,mutation,259,G,A,.,.
68,mutation,268,T,C,.,.
69,mutation,270,A,G,.,.
70,mutation,271,A,G,.,.
71,mutation,273,G,A,.,.
72,mutation,284,G,T,.,.
73,mutation,285,C,T,.,.
74,mutation,286,T,C,.,.
75,mutation,287,G,A,.,.
76,mutation,288,G,A,.,.
77,mutation,290,T,C,.,.
78,mutation,291,T,A,.,.
79,mutation,294,G,A,.,.
80,mutation,295,T,C,.,.
81,mutation,299,T,C,.,.
82,mutation,302,T,C,.,.
83,mutation,309,G,A,.,.
84,mutation,310,A,G,.,.
85,mutation,312,C,T,.,.
86,mutation,317,A,G,.,.
87,mutation,319,C,T,.,.
88,mutation,320,A,G,.,.
89,mutation,323,A,G,.,.
90,mutation,332,A,G,.,.
91,mutation,336,T,C,.,.
92,mutation,338,G,A,.,.
93,mutation,340,T,G,.,.
94,mutation,341,C,A,.,.
95,mutation,343,A,G,.,.
96,mutation,347,A,G,.,.
97,mutation,350,G,A,.,.
98,mutation,351,T,C,.,.
99,mutation,352,A,T,.,.
100,mutation,356,T,A,.,.
101,mutation,359,T,C,.,.
102,mutation,360,A,G,.,.
103,mutation,362,T,C,.,.
104,mutation,365,T,A,.,.
105,mutation,366,G,A,.,.
106,mutation,367,T,C,.,.
107,mutation,368,G,A,.,.
108,mutation,369,C,T,.,.
109,mutation,370,T,C,.,.
110,mutation,376,A,G,.,.
111,mutation,377,C,T,.,.
112,mutation,384,C,T,.,.
113,mutation,385,T,G,.,.
114,mutation,386,T,C,.,.
115,mutation,388,C,T,.,.
116,mutation,392,C,T,.,.
117,mutation,409,C,T,.,.
118,mutation,416,A,T,.,.
119,mutation,417,A,G,.,.
120,mutation,425,C,T,.,.
121,mutation,428,G,A,.,.
122,mutation,434,A,G,.,.
123,mutation,436,T,A,.,.
124,mutation,439,A,C,.,.
125,mutation,440,A,G,.,.
126,mutation,449,T,A,.,.
127,mutation,452,G,A,.,.
128,mutation,455,A,G,.,.
129,mutation,459,T,C,.,.
130,mutation,461,T,C,.,.
131,mutation,462,C,A,.,.
132,mutation,464,C,T,.,.
133,mutation,470,G,A,.,.
134,mutation,476,A,T,.,.
135,mutation,479,T,G,.,.
136,mutation,480,C,T,.,.
137,mutation,482,T,A,.,.
138,mutation,486,A,G,.,.
139,mutation,494,A,G,.,.
140,mutation,497,A,G,.,.
141,mutation,500,T,C,.,.
142,mutation,506,A,T,.,.
143,mutation,518,T,G,.,.
144,mutation,521,T,A,.,.
145,mutation,524,A,T,.,.
146,mutation,530,G,A,.,.
147,mutation,531,T,C,.,.
148,mutation,532,C,T,.,.
149,mutation,536,G,A,.,.
150,mutation,537,C,T,.,.
151,mutation,544,C,T,.,.
152,mutation,545,A,G,.,.
153,mutation,547,C,G,.,.
154,mutation,548,A,G,.,.
155,mutation,551,A,G,.,.
156,mutation,555,A,G,.,.
157,mutation,560,T,C,.,.
158,mutation,563,T,C,.,.
159,mutation,575,G,A,.,.
160,mutation,576,G,A,.,.
161,mutation,581,T,C,.,.
162,mutation,583,A,C,.,.
163,mutation,586,T,C,.,.
164,mutation,587,C,A,.,.
165,mutation,590,G,A,.,.
166,mutation,594,C,T,.,.
167,mutation,595,G,A,.,.
168,mutation,596,C,T,.,.
169,mutation,598,C,A,.,.
170,mutation,601,T,C,.,.
171,mutation,602,A,G,.,.
172,mutation,603,A,C,.,.
173,mutation,604,T,C,.,.
174,mutation,617,A,G,.,.
175,mutation,618,G,A,.,.
176,mutation,619,G,A,.,.
177,mutation,620,C,A,.,.
178,mutation,623,G,A,.,.
179,mutation,627,G,A,.,.
180,mutation,629,T,C,.,.
181,mutation,632,T,C,.,.
182,mutation,635,C,T,.,.
183,mutation,638,T,C,.,.
184,mutation,647,G,A,.,.
185,mutation,652,A,T,.,.
186,mutation,653,G,A,.,.
187,mutation,656,T,C,.,.
188,mutation,662,G,A,.,.
189,mutation,663,G,A,.,.
190,mutation,664,A,C,.,.
191,mutation,665,G,C,.,.
192,mutation,668,G,A,.,.
193,mutation,669,A,G,.,.
194,mutation,683,C,A,.,.
195,mutation,684,T,C,.,.
196,mutation,686,A,G,.,.
197,mutation,692,T,C,.,.
198,mutation,695,A,G,.,.
199,mutation,698,G,A,.,.
200,mutation,700,C,G,.,.
201,mutation,701,C,T,.,.
202,mutation,704,T,C,.,.
203,mutation,713,A,C,.,.
204,mutation,719,G,A,.,.
205,mutation,720,G,A,.,.
206,mutation,722,G,A,.,.
207,mutation,723,A,T,.,.
208,mutation,725,A,T,.,.
209,mutation,726,C,T,.,.
210,mutation,728,T,G,.,.
211,mutation,731,T,A,.,.
212,mutation,735,A,C,.,.
213,mutation,736,C,A,.,.
214,mutation,745,C,T,.,.
215,mutation,746,G,T,.,.
216,mutation,750,C,T,.,.
217,mutation,752,A,C,.,.
218,mutation,761,T,C,.,.
219,mutation,766,T,G,.,.
220,mutation,767,G,A,.,.
221,mutation,770,C,T,.,.
222,mutation,773,G,A,.,.
223,mutation,777,C,A,.,.
224,mutation,778,G,A,.,.
225,mutation,785,G,A,.,.
226,mutation,791,C,T,.,.
227,mutation,793,G,A,.,.
228,mutation,794,A,G,.,.
229,mutation,802,T,A,.,.
230,mutation,803,G,A,.,.
231,mutation,809,A,C,.,.
232,mutation,813,G,A,.,.
233,mutation,814,G,T,.,.
234,mutation,815,A,G,.,.
235,mutation,816,C,T,.,.
236,mutation,817,T,G,.,.
237,mutation,819,T,C,.,.
238,mutation,821,G,A,.,.
239,mutation,822,C,A,.,.
240,mutation,824,A,G,.,.
241,mutation,826,G,A,.,.
242,mutation,833,T,C,.,.
243,mutation,834,C,A,.,.
244,mutation,845,A,G,.,.
245,mutation,849,T,A,.,.
246,mutation,850,C,A,.,.
247,mutation,851,C,T,.,.
248,mutation,854,T,C,.,.
249,mutation,860,C,T,.,.
250,mutation,863,C,T,.,.
251,mutation,864,A,G,.,.
252,mutation,869,C,G,.,.
253,mutation,871,A,T,.,.
254,mutation,878,A,C,.,.
255,mutation,884,T,C,.,.
256,mutation,896,C,T,.,.
257,mutation,899,C,A,.,.
258,mutation,905,C,T,.,.
259,mutation,908,A,T,.,.
260,mutation,923,C,A,.,.
261,mutation,924,C,A,.,.
262,mutation,932,T,G,.,.
263,mutation,938,T,C,.,.
264,mutation,946,A,G,.,.
265,mutation,947,C,G,.,.
266,mutation,948,T,C,.,.
267,mutation,950,G,A,.,.
268,mutation,953,C,T,.,.
269,mutation,965,A,G,.,.
270,mutation,968,A,G,.,.
271,mutation,971,C,T,.,.
272,mutation,977,G,A,.,.
273,mutation,981,T,A,.,.
274,mutation,983,G,C,.,.
275,mutation,986,C,T,.,.
276,mutation,992,A,G,.,.
277,mutation,998,T,C,.,.
278,mutation,1000,G,A,.,.
279,mutation,1001,A,G,.,.
280,mutation,1007,T,A,.,.
281,mutation,1010,G,A,.,.
282,mutation,1011,A,G,.,.
283,mutation,1013,T,G,.,.
284,mutation,1017,T,A,.,.
285,mutation,1019,G,A,.,.
286,mutation,1020,A,G,.,.
287,mutation,1022,C,T,.,.
288,mutation,1029,A,G,.,.
289,mutation,1031,C,T,.,.
290,mutation,1037,T,C,.,.
291,mutation,1040,G,A,.,.
292,mutation,1042,A,G,.,.
293,mutation,1043,T,C,.,.
294,mutation,1049,T,A,.,.
295,mutation,1051,A,G,.,.
296,mutation,1052,T,C,.,.
297,mutation,1055,T,C,.,.
298,mutation,1064,T,A,.,.
299,mutation,1065,C,T,.,.
300,mutation,1073,T,C,.,.
301,mutation,1084,G,A,.,.
302,mutation,1085,A,G,.,.
303,mutation,1094,T,C,.,.
304,mutation,1097,T,A,.,.
305,mutation,1098,T,A,.,.
306,mutation,1100,G,A,.,.
307,mutation,1106,C,T,.,.
308,mutation,1112,T,C,.,.
309,mutation,1115,A,G,.,.
310,mutation,1118,T,A,.,.
311,mutation,1121,T,C,.,.
312,mutation,1127,T,A,.,.
313,mutation,1133,A,G,.,.
314,mutation,1136,T,C,.,.
315,mutation,1139,T,C,.,.
316,mutation,1142,T,C,.,.
317,mutation,1148,T,A,.,.
318,mutation,1151,T,A,.,.
319,mutation,1154,A,G,.,.
320,mutation,1155,T,A,.,.
321,mutation,1157,G,A,.,.
322,mutation,1161,G,A,.,.
323,mutation,1172,C,T,.,.
324,mutation,1173,C,T,.,.
325,mutation,1175,C,A,.,.
326,mutation,1199,C,T,.,.
327,mutation,1208,T,C,.,.
328,mutation,1214,G,A,.,.
329,mutation,1222,G,A,.,.
330,mutation,1226,G,A,.,.
331,mutation,1229,G,A,.,.
332,mutation,1231,T,C,.,.
333,mutation,1232,T,C,.,.
334,mutation,1235,C,T,.,.
335,mutation,1238,T,C,.,.
336,mutation,1239,C,T,.,.
337,mutation,1241,G,A,.,.
338,mutation,1242,T,C,.,.
339,mutation,1244,T,C,.,.
340,mutation,1247,G,A,.,.
341,mutation,1248,C,A,.,.
342,mutation,1250,G,A,.,.
343,mutation,1251,T,C,.,.
344,mutation,1253,G,A,.,.
345,mutation,1256,T,C,.,.
346,mutation,1258,A,G,.,.
347,mutation,1259,A,G,.,.
348,mutation,1262,T,C,.,.
349,mutation,1268,A,T,.,.
350,mutation,1275,T,C,.,.
351,mutation,1279,A,G,.,.
352,mutation,1280,C,T,.,.
353,mutation,1289,A,G,.,.
354,mutation,1292,A,G,.,.
355,mutation,1295,T,C,.,.
356,mutation,1301,C,T,.,.
357,mutation,1304,G,C,.,.
358,mutation,1308,A,G,.,.
359,mutation,1310,A,G,.,.
360,mutation,1316,T,C,.,.
361,mutation,1318,A,G,.,.
362,mutation,1319,T,A,.,.
363,mutation,1330,T,C,.,.
364,mutation,1332,G,A,.,.
365,mutation,1333,C,T,.,.
366,mutation,1334,A,C,.,.
367,mutation,1335,T,C,.,.
368,mutation,1343,T,C,.,.
369,mutation,1344,C,T,.,.
370,mutation,1346,A,G,.,.
371,mutation,1355,G,A,.,.
372,mutation,1358,G,T,.,.
373,mutation,1362,T,C,.,.
374,mutation,1364,G,A,.,.
375,mutation,1366,A,G,.,.
376,mutation,1370,C,A,.,.
377,mutation,1373,G,A,.,.
378,mutation,1374,C,A,.,.
379,mutation,1376,T,C,.,.
380,mutation,1385,G,A,.,.
381,mutation,1386,A,G,.,.
382,mutation,1391,T,C,.,.
383,mutation,1394,A,G,.,.
384,mutation,1397,C,T,.,.
385,mutation,1403,G,A,.,.
386,mutation,1412,G,A,.,.
387,mutation,1416,G,T,.,.
388,mutation,1427,G,A,.,.
389,mutation,1430,T,C,.,.
390,mutation,1431,T,C,.,.
391,mutation,1433,A,G,.,.
392,mutation,1437,G,A,.,.
393,mutation,1439,C,T,.,.
394,mutation,1440,T,C,.,.
395,mutation,1442,A,G,.,.
396,mutation,1454,C,T,.,.
397,mutation,1455,C,T,.,.
398,mutation,1466,A,G,.,.
399,mutation,1469,A,G,.,.
400,mutation,1480,A,G,.,.
401,mutation,1490,G,A,.,.
402,mutation,1502,G,A,.,.
403,mutation,1505,T,C,.,.
404,mutation,1508,G,A,.,.
405,mutation,1511,C,T,.,.
406,mutation,1514,G,A,.,.
407,mutation,1523,G,A,.,.
408,mutation,1529,G,A,.,.
409,mutation,1535,T,C,.,.
410,mutation,1538,A,G,.,.
411,mutation,1541,T,G,.,.
412,mutation,1547,C,T,.,.
413,mutation,1559,T,A,.,.
414,mutation,1562,T,C,.,.
415,mutation,1565,A,C,.,.
416,mutation,1568,T,G,.,.
417,mutation,1574,C,T,.,.
418,mutation,1577,A,G,.,.
419,mutation,1583,A,G,.,.
420,mutation,1584,T,C,.,.
421,mutation,1589,T,C,.,.
422,mutation,1595,G,A,.,.
423,mutation,1601,C,T,.,.
424,mutation,1607,T,C,.,.
425,mutation,1608,C,T,.,.
426,mutation,1614,T,C,.,.
427,mutation,1619,G,A,.,.
428,mutation,1622,C,T,.,.
429,mutation,1625,C,T,.,.
430,mutation,1628,C,T,.,.
431,mutation,1632,T,C,.,.
432,mutation,1640,A,G,.,.
433,mutation,1643,T,C,.,.
434,mutation,1649,T,C,.,.
435,mutation,1664,A,G,.,.
436,mutation,1667,G,A,.,.
437,mutation,1670,G,A,.,.
438,mutation,1679,T,C,.,.
439,mutation,1685,G,A,.,.
440,mutation,1694,A,G,.,.
441,mutation,1699,T,A,.,.
442,mutation,1700,C,T,.,.
443,mutation,1703,T,C,.,.
444,mutation,1721,A,G,.,.
445,mutation,1727,A,C,.,.
446,mutation,1730,C,T,.,.
447,mutation,1736,A,G,.,.
448,mutation,1739,T,C,.,.
449,mutation,1744,T,A,.,.
450,mutation,1745,C,T,.,.
451,mutation,1748,C,T,.,.
452,mutation,1749,A,T,.,.
453,mutation,1750,A,T,.,.
454,mutation,1757,A,G,.,.
455,mutation,1763,A,G,.,.
456,mutation,1765,C,G,.,.
457,mutation,1769,G,A,.,.
458,mutation,1772,G,A,.,.
459,mutation,1775,C,T,.,.
460,mutation,1776,T,G,.,.
461,mutation,1784,T,A,.,.
462,mutation,1788,T,C,.,.
463,mutation,1791,G,A,.,.
464,mutation,1796,C,A,.,.
465,mutation,1806,T,C,.,.
466,mutation,1808,A,G,.,.
467,mutation,1822,A,G,.,.
468,mutation,1838,C,T,.,.
469,mutation,1843,G,A,.,.
470,mutation,1844,G,A,.,.
471,mutation,1846,A,G,.,.
472,mutation,1850,A,G,.,.
473,mutation,1859,C,G,.,.
474,mutation,1862,C,T,.,.
475,mutation,1865,A,G,.,.
476,mutation,1877,T,C,.,.
477,mutation,1883,A,G,.,.
478,mutation,1889,T,A,.,.
479,mutation,1892,T,C,.,.
480,mutation,1895,T,C,.,.
481,mutation,1913,C,T,.,.
482,mutation,1916,A,T,.,.
483,mutation,1922,T,C,.,.
484,mutation,1931,T,C,.,.
485,mutation,1937,C,T,.,.
486,mutation,1938,A,G,.,.
487,mutation,1952,C,T,.,.
488,mutation,1955,T,C,.,.
489,mutation,1958,A,G,.,.
490,mutation,1964,T,C,.,.
491,mutation,1967,A,G,.,.
492,mutation,1973,C,T,.,.
493,mutation,1976,T,C,.,.
494,mutation,1985,C,T,.,.
495,mutation,1988,T,C,.,.
496,mutation,1991,T,C,.,.
497,mutation,1994,T,C,.,.
498,mutation,1997,C,T,.,.
499,mutation,2003,A,G,.,.
500,mutation,2005,T,A,.,.
501,mutation,2012,T,C,.,.
502,mutation,2013,T,C,.,.
503,mutation,2025,G,A,.,.
504,mutation,2033,G,A,.,.
505,mutation,2042,C,T,.,.
506,mutation,2050,A,G,.,.
507,mutation,2054,G,A,.,.
508,mutation,2057,T,C,.,.
509,mutation,2059,A,T,.,.
510,mutation,2060,T,C,.,.
511,mutation,2066,T,C,.,.
512,mutation,2072,C,T,.,.
513,mutation,2073,G,A,.,.
514,mutation,2075,G,T,.,.
515,mutation,2078,T,C,.,.
516,mutation,2081,T,C,.,.
517,mutation,2084,A,G,.,.
518,mutation,2088,C,T,.,.
519,mutation,2102,C,T,.,.
520,mutation,2108,G,A,.,.
521,mutation,2126,A,T,.,.
522,mutation,2132,A,G,.,.
523,mutation,2138,C,T,.,.
524,mutation,2174,T,C,.,.
525,mutation,2184,T,C,.,.
526,mutation,2189,G,T,.,.
527,mutation,2192,C,A,.,.
528,mutation,2204,G,A,.,.
529,mutation,2209,G,A,.,.
530,mutation,2219,T,C,.,.
531,mutation,2225,C,T,.,.
532,mutation,2228,G,T,.,.
533,mutation,2240,A,G,.,.
534,mutation,2246,T,C,.,.
535,mutation,2253,T,C,.,.
536,mutation,2255,G,A,.,.
537,mutation,2258,T,C,.,.
538,mutation,2261,C,T,.,.
539,mutation,2264,T,C,.,.
540,mutation,2267,C,A,.,.
541,mutation,2270,T,G,.,.
542,mutation,2273,A,G,.,.
543,mutation,2276,G,A,.,.
544,mutation,2279,T,C,.,.
545,mutation,2288,T,C,.,.
546,mutation,2294,A,G,.,.
547,mutation,2300,C,T,.,.
548,mutation,2303,G,A,.,.
549,mutation,2306,G,A,.,.
550,mutation,2309,G,A,.,.
551,mutation,2315,A,G,.,.
552,mutation,2325,C,T,.,.
553,mutation,2327,A,G,.,.
554,mutation,2330,A,G,.,.
555,mutation,2336,C,T,.,.
556,mutation,2345,T,C,.,.
557,mutation,2348,A,G,.,.
558,mutation,2354,C,T,.,.
559,mutation,2363,A,T,.,.
560,mutation,2366,T,C,.,.
561,mutation,2372,A,G,.,.
562,mutation,2375,A,G,.,.
563,mutation,2378,A,G,.,.
564,mutation,2381,T,C,.,.
565,mutation,2384,T,C,.,.
566,mutation,2387,A,T,.,.
567,mutation,2390,A,G,.,.
568,mutation,2393,T,C,.,.
569,mutation,2409,A,G,.,.
570,mutation,2415,A,G,.,.
571,mutation,2416,A,G,.,.
572,mutation,2417,T,G,.,.
573,mutation,2423,C,T,.,.
574,mutation,2429,A,G,.,.
575,mutation,2432,T,C,.,.
576,mutation,2435,G,A,.,.
577,mutation,2438,C,T,.,.
578,mutation,2441,A,G,.,.
579,mutation,2453,C,T,.,.
580,mutation,2459,G,A,.,.
581,mutation,2466,G,A,.,.
582,mutation,2468,C,T,.,.
583,mutation,2483,G,A,.,.
584,mutation,2489,G,A,.,.
585,mutation,2492,G,A,.,.
586,mutation,2501,T,C,.,.
587,mutation,2502,T,C,.,.
588,mutation,2504,G,A,.,.
589,mutation,2510,A,T,.,.
590,mutation,2513,T,C,.,.
591,mutation,2519,A,G,.,.
592,mutation,2522,T,C,.,.
593,mutation,2525,G,A,.,.
594,mutation,2534,A,G,.,.
595,mutation,2537,G,A,.,.
596,mutation,2540,G,A,.,.
597,mutation,2543,G,A,.,.
598,mutation,2544,T,C,.,.
599,mutation,2546,A,G,.,.
600,mutation,2552,G,A,.,.
601,mutation,2555,T,A,.,.
602,mutation,2558,C,T,.,.
603,mutation,2559,C,T,.,.
604,mutation,2562,T,C,.,.
605,mutation,2564,G,C,.,.
606,mutation,2568,C,T,.,.
607,mutation,2570,A,T,.,.
608,mutation,2573,A,G,.,.
609,mutation,2579,A,G,.,.
610,mutation,2582,C,T,.,.
611,mutation,2588,T,C,.,.
612,mutation,2594,C,G,.,.
613,mutation,2606,T,C,.,.
614,mutation,2609,T,C,.,.
615,mutation,2618,T,A,.,.
616,mutation,2624,A,G,.,.
617,mutation,2625,C,T,.,.
618,mutation,2627,T,A,.,.
619,mutation,2630,G,A,.,.
620,mutation,2633,A,G,.,.
621,mutation,2635,G,A,.,.
622,mutation,2645,T,C,.,.
623,mutation,2651,G,A,.,.
624,mutation,2654,A,G,.,.
625,mutation,2660,C,T,.,.
626,mutation,2666,T,C,.,.
627,mutation,2679,C,T,.,.
628,mutation,2682,C,T,.,.
629,mutation,2684,A,G,.,.
630,mutation,2687,A,C,.,.
631,mutation,2690,T,C,.,.
632,mutation,2693,A,G,.,.
633,mutation,2696,C,T,.,.
634,mutation,2697,C,T,.,.
635,mutation,2711,G,A,.,.
636,mutation,2726,C,T,.,.
637,mutation,2747,T,C,.,.
638,mutation,2748,G,A,.,.
639,mutation,2750,T,G,.,.
640,mutation,2756,T,A,.,.
641,mutation,2762,C,T,.,.
642,mutation,2765,C,T,.,.
643,mutation,2768,T,C,.,.
644,mutation,2780,T,C,.,.
645,mutation,2786,G,A,.,.
646,mutation,2792,C,T,.,.
647,mutation,2793,C,T,.,.
648,mutation,2796,C,A,.,.
649,mutation,2801,A,G,.,.
650,mutation,2804,G,A,.,.
651,mutation,2807,C,T,.,.
652,mutation,2816,A,G,.,.
653,mutation,2817,T,C,.,.
654,mutation,2819,G,C,.,.
655,mutation,2840,G,A,.,.
656,mutation,2843,T,C,.,.
657,mutation,2864,C,G,.,.
658,mutation,2865,C,T,.,.
659,mutation,2867,A,G,.,.
660,mutation,2870,C,T,.,.
661,mutation,2873,G,A,.,.
662,mutation,2876,G,A,.,.
663,mutation,2883,T,C,.,.
664,mutation,2886,A,C,.,.
665,mutation,2887,G,A,.,.
666,mutation,2896,C,T,.,.
667,mutation,2900,C,T,.,.
668,mutation,2906,A,G,.,.
669,mutation,2912,T,C,.,.
670,mutation,2932,A,G,.,.
671,mutation,2933,T,C,.,.
672,mutation,2940,A,G,.,.
673,mutation,2941,A,G,.,.
674,mutation,2948,T,C,.,.
675,mutation,2963,T,C,.,.
676,mutation,2969,G,A,.,.
677,mutation,2991,T,C,.,.
678,mutation,3001,G,A,.,.
679,mutation,3008,A,G,.,.
680,mutation,3022,G,A,.,.
681,mutation,3025,A,T,.,.
682,mutation,3037,C,T,.,.
683,mutation,3041,A,C,.,.
684,mutation,3043,G,A,.,.
685,mutation,3044,G,A,.,.
686,mutation,3053,G,A,.,.
687,mutation,3062,A,G,.,.
688,mutation,3077,A,G,.,.
689,mutation,3092,C,T,.,.
690,mutation,3094,G,A,.,.
691,mutation,3095,A,G,.,.
692,mutation,3096,A,G,.,.
693,mutation,3100,C,T,.,.
694,mutation,3101,C,A,.,.
695,mutation,3105,G,A,.,.
696,mutation,3106,T,G,.,.
697,mutation,3107,G,A,.,.
698,mutation,3119,T,C,.,.
699,mutation,3128,A,G,.,.
700,mutation,3133,G,A,.,.
701,mutation,3134,C,T,.,.
702,mutation,3141,T,C,.,.
703,mutation,3143,T,C,.,.
704,mutation,3153,T,A,.,.
705,mutation,3166,G,A,.,.
706,mutation,3170,A,G,.,.
707,mutation,3182,C,T,.,.
708,mutation,3184,T,A,.,.
709,mutation,3185,T,C,.,.
710,mutation,3200,C,T,.,.
711,mutation,3203,T,C,.,.
712,mutation,3204,A,C,.,.
713,mutation,3209,T,C,.,.
714,mutation,3221,C,T,.,.
715,mutation,3224,C,G,.,.
716,mutation,3230,T,C,.,.
717,mutation,3231,G,A,.,.
718,mutation,3236,C,T,.,.
719,mutation,3248,T,C,.,.
720,mutation,3258,T,C,.,.
721,mutation,3263,T,C,.,.
722,mutation,3266,C,T,.,.
723,mutation,3272,G,A,.,.
724,mutation,3284,G,A,.,.
725,mutation,3294,T,C,.,.
726,mutation,3302,G,A,.,.
727,mutation,3314,G,A,.,.
728,mutation,3316,G,A,.,.
729,mutation,3317,A,G,.,.
730,mutation,3320,G,A,.,.
731,mutation,3323,C,T,.,.
732,mutation,3338,A,T,.,.
733,mutation,3350,G,A,.,.
734,mutation,3353,T,C,.,.
735,mutation,3356,C,T,.,.
736,mutation,3359,C,T,.,.
737,mutation,3366,C,T,.,.
738,mutation,3368,A,G,.,.
739,mutation,3371,C,T,.,.
740,mutation,3374,A,G,.,.
741,mutation,3378,T,C,.,.
742,mutation,3380,A,G,.,.
743,mutation,3395,A,G,.,.
744,mutation,3398,C,T,.,.
745,mutation,3401,T,A,.,.
746,mutation,3416,G,A,.,.
747,mutation,3419,C,T,.,.
748,mutation,3422,T,G,.,.
749,mutation,3425,G,A,.,.
750,mutation,3434,G,A,.,.
751,mutation,3437,A,T,.,.
752,mutation,3440,A,G,.,.
753,mutation,3443,C,T,.,.
754,mutation,3446,T,C,.,.
755,mutation,3458,A,G,.,.
756,mutation,3461,T,C,.,.
757,mutation,3464,T,G,.,.
758,mutation,3470,G,T,.,.
759,mutation,3473,G,A,.,.
760,mutation,3486,G,A,.,.
761,mutation,3494,A,G,.,.
762,mutation,3497,C,T,.,.
763,mutation,3500,G,A,.,.
764,mutation,3503,T,C,.,.
765,mutation,3521,A,G,.,.
766,mutation,3527,G,A,.,.
767,mutation,3530,A,G,.,.
768,mutation,3533,A,G,.,.
769,mutation,3548,G,A,.,.
770,mutation,3549,G,A,.,.
771,mutation,3552,T,C,.,.
772,mutation,3555,G,A,.,.
773,mutation,3557,C,T,.,.
774,mutation,3564,G,A,.,.
775,mutation,3569,C,T,.,.
776,mutation,3584,T,C,.,.
777,mutation,3587,T,C,.,.
778,mutation,3590,C,T,.,.
779,mutation,3593,G,A,.,.
780,mutation,3596,C,T,.,.
781,mutation,3599,A,G,.,.
782,mutation,3608,T,C,.,.
783,mutation,3614,T,C,.,.
784,mutation,3617,G,A,.,.
785,mutation,3620,T,C,.,.
786,mutation,3621,G,A,.,.
787,mutation,3623,T,C,.,.
788,mutation,3624,C,G,.,.
789,mutation,3629,C,T,.,.
790,mutation,3633,C,A,.,.
791,mutation,3635,G,A,.,.
792,mutation,3638,T,C,.,.
793,mutation,3653,T,C,.,.
794,mutation,3662,A,G,.,.
795,mutation,3665,C,T,.,.
796,mutation,3671,A,G,.,.
797,mutation,3683,T,C,.,.
798,mutation,3689,G,A,.,.
799,mutation,3695,T,C,.,.
800,mutation,3698,G,A,.,.
801,mutation,3699,A,G,.,.
802,mutation,3700,T,C,.,.
803,mutation,3701,C,T,.,.
804,mutation,3713,A,G,.,.
805,mutation,3714,T,C,.,.
806,mutation,3716,G,A,.,.
807,mutation,3718,G,A,.,.
808,mutation,3725,C,T,.,.
809,mutation,3732,C,A,.,.
810,mutation,3733,G,A,.,.
811,mutation,3747,C,T,.,.
812,mutation,3749,A,G,.,.
813,mutation,3752,T,C,.,.
814,mutation,3755,A,G,.,.
815,mutation,3764,T,C,.,.
816,mutation,3767,T,C,.,.
817,mutation,3776,C,T,.,.
818,mutation,3779,A,G,.,.
819,mutation,3788,G,A,.,.
820,mutation,3797,T,C,.,.
821,mutation,3806,A,C,.,.
822,mutation,3809,T,C,.,.
823,mutation,3812,C,T,.,.
824,mutation,3818,C,T,.,.
825,mutation,3824,G,A,.,.
826,mutation,3839,T,C,.,.
827,mutation,3845,G,A,.,.
828,mutation,3857,T,C,.,.
829,mutation,3866,T,C,.,.
830,mutation,3869,T,C,.,.
831,mutation,3872,C,T,.,.
832,mutation,3875,T,C,.,.
833,mutation,3878,C,G,.,.
834,mutation,3881,T,C,.,.
835,mutation,3884,C,T,.,.
836,mutation,3887,A,G,.,.
837,mutation,3896,T,C,.,.
838,mutation,3905,A,G,.,.
839,mutation,3908,G,A,.,.
840,mutation,3917,C,T,.,.
841,mutation,3929,G,A,.,.
842,mutation,3932,A,T,.,.
843,mutation,3938,G,A,.,.
844,mutation,3939,T,C,.,.
845,mutation,3947,T,C,.,.
846,mutation,3953,T,C,.,.
847,mutation,3958,T,C,.,.
848,mutation,3962,T,C,.,.
849,mutation,3968,T,C,.,.
850,mutation,3977,A,G,.,.
851,mutation,3980,T,A,.,.
852,mutation,3989,G,T,.,.
853,mutation,3998,A,T,.,.
854,mutation,4001,A,G,.,.
855,mutation,4004,G,A,.,.
856,mutation,4010,T,G,.,.
857,mutation,4016,G,A,.,.
858,mutation,4019,G,A,.,.
859,mutation,4020,C,T,.,.
860,mutation,4025,T,C,.,.
861,mutation,4034,A,G,.,.
862,mutation,4037,C,T,.,.
863,mutation,4058,T,C,.,.
864,mutation,4064,T,A,.,.
865,mutation,4073,C,T,.,.
866,mutation,4074,A,G,.,.
867,mutation,4076,A,G,.,.
868,mutation,4082,C,T,.,.
869,mutation,4085,T,C,.,.
870,mutation,4088,C,T,.,.
871,mutation,4094,C,T,.,.
872,mutation,4098,G,A,.,.
873,mutation,4112,A,C,.,.
874,mutation,4119,C,T,.,.
875,mutation,4121,A,G,.,.
876,mutation,4127,T,C,.,.
877,mutation,4129,T,A,.,.
878,mutation,4130,C,T,.,.
879,mutation,4133,C,T,.,.
880,mutation,4148,A,G,.,.
881,mutation,4149,T,C,.,.
882,mutation,4152,G,A,.,.
883,mutation,4157,A,G,.,.
884,mutation,4160,C,T,.,.
885,mutation,4163,T,C,.,.
886,mutation,4166,T,C,.,.
887,mutation,4167,G,A,.,.
888,mutation,4169,A,G,.,.
889,mutation,4172,A,T,.,.
890,mutation,4181,G,A,.,.
891,mutation,4184,C,T,.,.
892,mutation,4191,C,T,.,.
893,mutation,4193,G,A,.,.
894,mutation,4202,C,T,.,.
895,mutation,4211,G,A,.,.
896,mutation,4214,C,T,.,.
897,mutation,4217,C,T,.,.
898,mutation,4220,T,C,.,.
899,mutation,4221,C,T,.,.
900,mutation,4224,C,T,.,.
901,mutation,4226,G,A,.,.
902,mutation,4232,T,G,.,.
903,mutation,4238,T,C,.,.
904,mutation,4242,G,A,.,.
905,mutation,4253,A,G,.,.
906,mutation,4259,A,G,.,.
907,mutation,4262,G,A,.,.
908,mutation,4268,T,C,.,.
909,mutation,4277,T,G,.,.
910,mutation,4283,A,G,.,.
911,mutation,4289,T,C,.,.
912,mutation,4292,A,G,.,.
913,mutation,4295,C,T,.,.
914,mutation,4304,G,A,.,.
915,mutation,4307,G,A,.,.
916,mutation,4313,C,T,.,.
917,mutation,4316,G,A,.,.
918,mutation,4319,A,G,.,.
919,mutation,4320,A,G,.,.
920,mutation,4322,A,G,.,.
921,mutation,4325,G,T,.,.
922,mutation,4328,A,G,.,.
923,mutation,4331,C,T,.,.
924,mutation,4337,G,T,.,.
925,mutation,4340,T,A,.,.
926,mutation,4349,A,T,.,.
927,mutation,4361,A,G,.,.
928,mutation,4367,T,C,.,.
929,mutation,4370,C,"T,A",.,.
930,mutation,4376,T,C,.,.
931,mutation,4382,T,C,.,.
932,mutation,4385,T,C,.,.
933,mutation,4394,G,A,.,.
934,mutation,4395,T,C,.,.
935,mutation,4396,T,A,.,.
936,mutation,4403,A,G,.,.
937,mutation,4407,G,A,.,.
938,mutation,4412,T,C,.,.
939,mutation,4415,T,G,.,.
940,mutation,4418,C,T,.,.
941,mutation,4427,C,T,.,.
942,mutation,4439,T,G,.,.
943,mutation,4442,T,C,.,.
944,mutation,4445,C,A,.,.
945,mutation,4446,T,C,.,.
946,mutation,4448,G,A,.,.
947,mutation,4451,T,C,.,.
948,mutation,4457,C,T,.,.
949,mutation,4463,A,G,.,.
950,mutation,4466,C,T,.,.
951,mutation,4468,A,G,.,.
952,mutation,4476,A,G,.,.
953,mutation,4478,G,T,.,.
954,mutation,4482,A,T,.,.
955,mutation,4487,G,A,.,.
956,mutation,4508,G,A,.,.
957,mutation,4514,T,A,.,.
958,mutation,4518,C,T,.,.
959,mutation,4529,T,"C,A",.,.
960,mutation,4532,A,G,.,.
961,mutation,4538,A,G,.,.
962,mutation,4541,C,T,.,.
963,mutation,4547,G,A,.,.
964,mutation,4549,G,A,.,.
965,mutation,4550,A,G,.,.
966,mutation,4562,T,C,.,.
967,mutation,4577,A,T,.,.
968,mutation,4583,G,A,.,.
969,mutation,4592,G,A,.,.
970,mutation,4598,G,A,.,.
971,mutation,4601,C,T,.,.
972,mutation,4607,C,T,.,.
973,mutation,4610,A,G,.,.
974,mutation,4616,G,A,.,.
975,mutation,4626,T,C,.,.
976,mutation,4628,G,T,.,.
977,mutation,4643,C,T,.,.
978,mutation,4646,G,A,.,.
979,mutation,4649,C,T,.,.
980,mutation,4670,T,A,.,.
981,mutation,4680,G,A,.,.
982,mutation,4682,G,T,.,.
983,mutation,4691,T,C,.,.
984,mutation,4697,T,A,.,.
985,mutation,4700,G,A,.,.
986,mutation,4703,A,G,.,.
987,mutation,4706,C,T,.,.
988,mutation,4709,A,G,.,.
989,mutation,4713,C,T,.,.
990,mutation,4718,T,C,.,.
991,mutation,4727,A,G,.,.
992,mutation,4733,C,T,.,.
993,mutation,4739,A,G,.,.
994,mutation,4745,A,G,.,.
995,mutation,4754,C,T,.,.
996,mutation,4757,C,T,.,.
997,mutation,4760,A,G,.,.
998,mutation,4766,T,C,.,.
999,mutation,4769,G,A,.,.
1000,mutation,4784,A,G,.,.
1001,mutation,4793,C,T,.,.
1002,mutation,4799,C,T,.,.
1003,mutation,4804,C,G,.,.
1004,mutation,4805,T,A,.,.
1005,mutation,4808,G,A,.,.
1006,mutation,4811,G,T,.,.
1007,mutation,4814,T,G,.,.
1008,mutation,4820,T,G,.,.
1009,mutation,4832,T,C,.,.
1010,mutation,4835,C,T,.,.
1011,mutation,4844,G,A,.,.
1012,mutation,4853,A,G,.,.
1013,mutation,4856,C,T,.,.
1014,mutation,4859,C,T,.,.
1015,mutation,4868,T,C,.,.
1016,mutation,4871,G,C,.,.
1017,mutation,4877,C,T,.,.
1018,mutation,4889,G,T,.,.
1019,mutation,4892,C,T,.,.
1020,mutation,4895,G,A,.,.
1021,mutation,4904,A,T,.,.
1022,mutation,4910,G,A,.,.
1023,mutation,4919,A,G,.,.
1024,mutation,4920,T,C,.,.
1025,mutation,4925,C,T,.,.
1026,mutation,4928,C,A,.,.
1027,mutation,4937,C,A,.,.
1028,mutation,4940,G,A,.,.
1029,mutation,4946,C,T,.,.
1030,mutation,4947,A,G,.,.
1031,mutation,4952,T,C,.,.
1032,mutation,4955,T,C,.,.
1033,mutation,4994,A,G,.,.
1034,mutation,5006,C,"T,G",.,.
1035,mutation,5021,A,G,.,.
1036,mutation,5024,T,C,.,.
1037,mutation,5030,C,T,.,.
1038,mutation,5036,G,A,.,.
1039,mutation,5039,T,C,.,.
1040,mutation,5045,A,T,.,.
1041,mutation,5051,G,A,.,.
1042,mutation,5054,A,C,.,.
1043,mutation,5057,G,A,.,.
1044,mutation,5069,A,G,.,.
1045,mutation,5072,G,T,.,.
1046,mutation,5076,A,G,.,.
1047,mutation,5081,A,G,.,.
1048,mutation,5084,C,T,.,.
1049,mutation,5087,G,A,.,.
1050,mutation,5093,T,C,.,.
1051,mutation,5099,G,A,.,.
1052,mutation,5101,C,T,.,.
1053,mutation,5102,C,T,.,.
1054,mutation,5105,A,G,.,.
1055,mutation,5108,A,C,.,.
1056,mutation,5117,G,A,.,.
1057,mutation,5120,A,G,.,.
1058,mutation,5121,G,A,.,.
1059,mutation,5126,A,G,.,.
1060,mutation,5138,T,C,.,.
1061,mutation,5144,A,G,.,.
1062,mutation,5147,G,C,.,.
1063,mutation,5160,C,T,.,.
1064,mutation,5162,C,G,.,.
1065,mutation,5165,C,T,.,.
1066,mutation,5183,G,A,.,.
1067,mutation,5187,G,A,.,.
1068,mutation,5189,T,C,.,.
1069,mutation,5192,G,A,.,.
1070,mutation,5195,C,T,.,.
1071,mutation,5198,A,G,.,.
1072,mutation,5201,C,T,.,.
1073,mutation,5204,T,G,.,.
1074,mutation,5207,C,T,.,.
1075,mutation,5210,A,G,.,.
1076,mutation,5219,C,T,.,.
1077,mutation,5225,A,G,.,.
1078,mutation,5228,A,T,.,.
1079,mutation,5231,G,A,.,.
1080,mutation,5237,C,T,.,.
1081,mutation,5246,C,T,.,.
1082,mutation,5256,T,C,.,.
1083,mutation,5261,T,C,.,.
1084,mutation,5264,A,T,.,.
1085,mutation,5267,C,T,.,.
1086,mutation,5270,C,T,.,.
1087,mutation,5273,C,T,.,.
1088,mutation,5276,C,A,.,.
1089,mutation,5279,C,T,.,.
1090,mutation,5282,A,C,.,.
1091,mutation,5288,T,C,.,.
1092,mutation,5294,A,T,.,.
1093,mutation,5295,T,C,.,.
1094,mutation,5297,G,A,.,.
1095,mutation,5300,G,T,.,.
1096,mutation,5303,G,A,.,.
1097,mutation,5307,T,C,.,.
1098,mutation,5312,T,C,.,.
1099,mutation,5315,A,G,.,.
1100,mutation,5321,G,A,.,.
1101,mutation,5330,G,A,.,.
1102,mutation,5336,C,T,.,.
1103,mutation,5342,T,C,.,.
1104,mutation,5354,C,T,.,.
1105,mutation,5357,T,C,.,.
1106,mutation,5363,G,A,.,.
1107,mutation,5372,C,T,.,.
1108,mutation,5387,C,T,.,.
1109,mutation,5390,C,T,.,.
1110,mutation,5393,G,A,.,.
1111,mutation,5396,C,A,.,.
1112,mutation,5405,C,T,.,.
1113,mutation,5408,G,A,.,.
1114,mutation,5411,C,T,.,.
1115,mutation,5417,T,C,.,.
1116,mutation,5423,A,G,.,.
1117,mutation,5432,C,T,.,.
1118,mutation,5438,G,A,.,.
1119,mutation,5441,C,T,.,.
1120,mutation,5447,A,G,.,.
1121,mutation,5450,A,G,.,.
1122,mutation,5453,T,C,.,.
1123,mutation,5465,A,G,.,.
1124,mutation,5471,A,G,.,.
1125,mutation,5474,G,A,.,.
1126,mutation,5477,A,G,.,.
1127,mutation,5480,A,G,.,.
1128,mutation,5492,G,A,.,.
1129,mutation,5493,G,A,.,.
1130,mutation,5498,T,C,.,.
1131,mutation,5507,T,C,.,.
1132,mutation,5510,G,A,.,.
1133,mutation,5513,A,G,.,.
1134,mutation,5516,T,C,.,.
1135,mutation,5522,A,G,.,.
1136,mutation,5534,G,A,.,.
1137,mutation,5538,T,C,.,.
1138,mutation,5540,G,A,.,.
1139,mutation,5546,C,T,.,.
1140,mutation,5549,T,G,.,.
1141,mutation,5555,C,T,.,.
1142,mutation,5560,C,T,.,.
1143,mutation,5561,T,A,.,.
1144,mutation,5562,G,A,.,.
1145,mutation,5564,G,A,.,.
1146,mutation,5567,G,T,.,.
1147,mutation,5568,A,T,.,.
1148,mutation,5573,T,C,.,.
1149,mutation,5582,T,C,.,.
1150,mutation,5583,C,T,.,.
1151,mutation,5585,C,G,.,.
1152,mutation,5594,G,A,.,.
1153,mutation,5597,G,A,.,.
1154,mutation,5598,A,G,.,.
1155,mutation,5599,C,T,.,.
1156,mutation,5613,T,C,.,.
1157,mutation,5618,G,T,.,.
1158,mutation,5620,C,T,.,.
1159,mutation,5621,T,"G,C",.,.
1160,mutation,5622,A,C,.,.
1161,mutation,5624,A,G,.,.
1162,mutation,5627,C,T,.,.
1163,mutation,5628,T,C,.,.
1164,mutation,5630,G,A,.,.
1165,mutation,5631,A,C,.,.
1166,mutation,5639,A,G,.,.
1167,mutation,5642,C,T,.,.
1168,mutation,5645,T,C,.,.
1169,mutation,5651,A,T,.,.
1170,mutation,5654,T,C,.,.
1171,mutation,5666,A,G,.,.
1172,mutation,5669,C,T,.,.
1173,mutation,5672,A,C,.,.
1174,mutation,5684,C,T,.,.
1175,mutation,5687,A,T,.,.
1176,mutation,5699,G,A,.,.
1177,mutation,5714,A,G,.,.
1178,mutation,5717,G,C,.,.
1179,mutation,5720,A,G,.,.
1180,mutation,5723,T,C,.,.
1181,mutation,5738,C,T,.,.
1182,mutation,5744,C,A,.,.
1183,mutation,5756,C,A,.,.
1184,mutation,5759,T,C,.,.
1185,mutation,5762,T,C,.,.
1186,mutation,5765,T,C,.,.
1187,mutation,5768,C,T,.,.
1188,mutation,5771,A,G,.,.
1189,mutation,5792,C,T,.,.
1190,mutation,5804,C,T,.,.
1191,mutation,5813,G,A,.,.
1192,mutation,5840,A,G,.,.
1193,mutation,5858,T,C,.,.
1194,mutation,5864,A,T,.,.
1195,mutation,5879,G,A,.,.
1196,mutation,5882,A,G,.,.
1197,mutation,5894,C,T,.,.
1198,mutation,5895,A,G,.,.
1199,mutation,5897,T,C,.,.
1200,mutation,5900,C,T,.,.
1201,mutation,5906,C,T,.,.
1202,mutation,5909,G,A,.,.
1203,mutation,5912,T,C,.,.
1204,mutation,5915,C,T,.,.
1205,mutation,5924,G,A,.,.
1206,mutation,5927,C,T,.,.
1207,mutation,5939,A,G,.,.
1208,mutation,5951,A,G,.,.
1209,mutation,5960,G,A,.,.
1210,mutation,5963,A,T,.,.
1211,mutation,5969,A,T,.,.
1212,mutation,5978,T,C,.,.
1213,mutation,5990,C,T,.,.
1214,mutation,5999,T,C,.,.
1215,mutation,6002,T,C,.,.
1216,mutation,6009,A,C,.,.
1217,mutation,6011,A,C,.,.
1218,mutation,6020,A,T,.,.
1219,mutation,6023,G,C,.,.
1220,mutation,6026,A,C,.,.
1221,mutation,6028,A,G,.,.
1222,mutation,6038,T,A,.,.
1223,mutation,6042,A,G,.,.
1224,mutation,6050,C,A,.,.
1225,mutation,6053,A,C,.,.
1226,mutation,6057,A,T,.,.
1227,mutation,6065,C,A,.,.
1228,mutation,6069,G,A,.,.
1229,mutation,6071,T,C,.,.
1230,mutation,6074,T,C,.,.
1231,mutation,6080,A,G,.,.
1232,mutation,6082,C,A,.,.
1233,mutation,6086,A,T,.,.
1234,mutation,6092,A,T,.,.
1235,mutation,6095,C,T,.,.
1236,mutation,6098,T,C,.,.
1237,mutation,6116,T,C,.,.
1238,mutation,6119,A,G,.,.
1239,mutation,6123,T,C,.,.
1240,mutation,6125,G,A,.,.
1241,mutation,6128,G,A,.,.
1242,mutation,6137,A,G,.,.
1243,mutation,6146,T,C,.,.
1244,mutation,6149,C,T,.,.
1245,mutation,6159,G,A,.,.
1246,mutation,6161,T,C,.,.
1247,mutation,6164,T,C,.,.
1248,mutation,6167,C,T,.,.
1249,mutation,6170,A,G,.,.
1250,mutation,6171,A,T,.,.
1251,mutation,6173,A,G,.,.
1252,mutation,6185,C,T,.,.
1253,mutation,6188,A,G,.,.
1254,mutation,6197,G,A,.,.
1255,mutation,6203,G,A,.,.
1256,mutation,6204,C,T,.,.
1257,mutation,6206,C,T,.,.
1258,mutation,6209,A,G,.,.
1259,mutation,6210,C,T,.,.
1260,mutation,6212,A,G,.,.
1261,mutation,6213,A,C,.,.
1262,mutation,6215,G,A,.,.
1263,mutation,6218,G,A,.,.
1264,mutation,6230,T,A,.,.
1265,mutation,6231,G,A,.,.
1266,mutation,6236,A,G,.,.
1267,mutation,6239,C,T,.,.
1268,mutation,6242,C,T,.,.
1269,mutation,6248,G,A,.,.
1270,mutation,6254,A,T,.,.
1271,mutation,6258,G,A,.,.
1272,mutation,6259,C,A,.,.
1273,mutation,6266,G,A,.,.
1274,mutation,6281,T,C,.,.
1275,mutation,6287,G,A,.,.
1276,mutation,6299,C,T,.,.
1277,mutation,6302,G,A,.,.
1278,mutation,6305,A,G,.,.
1279,mutation,6308,C,T,.,.
1280,mutation,6314,C,T,.,.
1281,mutation,6323,C,T,.,.
1282,mutation,6326,G,A,.,.
1283,mutation,6335,T,C,.,.
1284,mutation,6338,G,A,.,.
1285,mutation,6339,C,G,.,.
1286,mutation,6341,G,A,.,.
1287,mutation,6347,A,G,.,.
1288,mutation,6362,G,A,.,.
1289,mutation,6365,A,G,.,.
1290,mutation,6368,A,T,.,.
1291,mutation,6371,G,A,.,.
1292,mutation,6377,C,T,.,.
1293,mutation,6380,T,G,.,.
1294,mutation,6383,T,C,.,.
1295,mutation,6386,A,T,.,.
1296,mutation,6392,A,T,.,.
1297,mutation,6395,A,G,.,.
1298,mutation,6398,C,T,.,.
1299,mutation,6401,A,T,.,.
1300,mutation,6406,C,T,.,.
1301,mutation,6407,G,A,.,.
1302,mutation,6417,T,C,.,.
1303,mutation,6419,G,A,.,.
1304,mutation,6422,T,C,.,.
1305,mutation,6424,G,A,.,.
1306,mutation,6428,T,C,.,.
1307,mutation,6430,A,T,.,.
1308,mutation,6431,T,C,.,.
1309,mutation,6437,T,A,.,.
1310,mutation,6446,G,A,.,.
1311,mutation,6455,C,A,.,.
1312,mutation,6461,C,T,.,.
1313,mutation,6464,T,A,.,.
1314,mutation,6473,G,A,.,.
1315,mutation,6483,C,T,.,.
1316,mutation,6485,A,G,.,.
1317,mutation,6488,C,T,.,.
1318,mutation,6491,T,C,.,.
1319,mutation,6494,G,A,.,.
1320,mutation,6497,C,T,.,.
1321,mutation,6501,C,T,.,.
1322,mutation,6503,G,A,.,.
1323,mutation,6506,A,G,.,.
1324,mutation,6509,T,C,.,.
1325,mutation,6515,T,C,.,.
1326,mutation,6518,G,A,.,.
1327,mutation,6521,C,T,.,.
1328,mutation,6524,C,T,.,.
1329,mutation,6528,C,A,.,.
1330,mutation,6533,C,A,.,.
1331,mutation,6536,A,G,.,.
1332,mutation,6542,G,A,.,.
1333,mutation,6545,A,G,.,.
1334,mutation,6548,T,C,.,.
1335,mutation,6557,T,C,.,.
1336,mutation,6560,T,C,.,.
1337,mutation,6566,G,A,.,.
1338,mutation,6570,T,C,.,.
1339,mutation,6575,T,C,.,.
1340,mutation,6583,A,C,.,.
1341,mutation,6587,T,A,.,.
1342,mutation,6588,A,G,.,.
1343,mutation,6589,C,T,.,.
1344,mutation,6590,A,G,.,.
1345,mutation,6593,G,A,.,.
1346,mutation,6596,C,T,.,.
1347,mutation,6599,A,G,.,.
1348,mutation,6602,A,G,.,.
1349,mutation,6603,G,A,.,.
1350,mutation,6611,G,A,.,.
1351,mutation,6617,G,A,.,.
1352,mutation,6620,C,T,.,.
1353,mutation,6623,C,T,.,.
1354,mutation,6629,G,A,.,.
1355,mutation,6632,G,A,.,.
1356,mutation,6635,G,A,.,.
1357,mutation,6636,T,C,.,.
1358,mutation,6644,A,G,.,.
1359,mutation,6647,G,A,.,.
1360,mutation,6650,T,C,.,.
1361,mutation,6662,A,G,.,.
1362,mutation,6665,C,T,.,.
1363,mutation,6668,T,C,.,.
1364,mutation,6671,T,A,.,.
1365,mutation,6678,A,G,.,.
1366,mutation,6680,A,G,.,.
1367,mutation,6683,A,G,.,.
1368,mutation,6692,A,T,.,.
1369,mutation,6695,C,T,.,.
1370,mutation,6717,G,A,.,.
1371,mutation,6720,A,G,.,.
1372,mutation,6725,A,G,.,.
1373,mutation,6735,C,T,.,.
1374,mutation,6743,G,A,.,.
1375,mutation,6749,C,T,.,.
1376,mutation,6752,C,A,.,.
1377,mutation,6753,G,A,.,.
1378,mutation,6755,C,T,.,.
1379,mutation,6765,A,C,.,.
1380,mutation,6767,A,G,.,.
1381,mutation,6770,C,T,.,.
1382,mutation,6776,T,A,.,.
1383,mutation,6782,T,C,.,.
1384,mutation,6788,A,G,.,.
1385,mutation,6791,C,T,.,.
1386,mutation,6794,T,C,.,.
1387,mutation,6795,G,A,.,.
1388,mutation,6796,C,T,.,.
1389,mutation,6797,A,G,.,.
1390,mutation,6800,C,A,.,.
1391,mutation,6801,A,T,.,.
1392,mutation,6809,C,T,.,.
1393,mutation,6812,C,T,.,.
1394,mutation,6815,C,T,.,.
1395,mutation,6821,C,T,.,.
1396,mutation,6824,C,T,.,.
1397,mutation,6830,A,G,.,.
1398,mutation,6842,C,T,.,.
1399,mutation,6848,C,T,.,.
1400,mutation,6851,C,T,.,.
1401,mutation,6857,C,T,.,.
1402,mutation,6858,A,G,.,.
1403,mutation,6863,G,A,.,.
1404,mutation,6866,C,T,.,.
1405,mutation,6872,A,G,.,.
1406,mutation,6876,G,A,.,.
1407,mutation,6877,T,C,.,.
1408,mutation,6881,A,G,.,.
1409,mutation,6884,T,G,.,.
1410,mutation,6888,G,A,.,.
1411,mutation,6890,T,A,.,.
1412,mutation,6896,T,C,.,.
1413,mutation,6902,C,T,.,.
1414,mutation,6905,A,T,.,.
1415,mutation,6917,C,T,.,.
1416,mutation,6920,G,A,.,.
1417,mutation,6926,A,G,.,.
1418,mutation,6929,T,C,.,.
1419,mutation,6932,A,G,.,.
1420,mutation,6935,T,G,.,.
1421,mutation,6938,C,T,.,.
1422,mutation,6941,T,C,.,.
1423,mutation,6944,C,T,.,.
1424,mutation,6950,G,C,.,.
1425,mutation,6951,T,C,.,.
1426,mutation,6953,A,G,.,.
1427,mutation,6956,C,T,.,.
1428,mutation,6959,A,G,.,.
1429,mutation,6968,G,A,.,.
1430,mutation,6971,T,C,.,.
1431,mutation,6974,G,A,.,.
1432,mutation,6977,A,G,.,.
1433,mutation,6981,C,T,.,.
1434,mutation,6986,C,T,.,.
1435,mutation,6997,A,T,.,.
1436,mutation,6998,A,T,.,.
1437,mutation,7001,G,T,.,.
1438,mutation,7004,G,A,.,.
1439,mutation,7016,G,A,.,.
1440,mutation,7019,C,T,.,.
1441,mutation,7033,T,A,.,.
1442,mutation,7037,A,G,.,.
1443,mutation,7040,C,T,.,.
1444,mutation,7041,T,C,.,.
1445,mutation,7043,G,A,.,.
1446,mutation,7049,A,G,.,.
1447,mutation,7064,C,G,.,.
1448,mutation,7067,A,G,.,.
1449,mutation,7079,T,C,.,.
1450,mutation,7082,A,G,.,.
1451,mutation,7083,T,C,.,.
1452,mutation,7085,A,G,.,.
1453,mutation,7088,A,G,.,.
1454,mutation,7091,T,A,.,.
1455,mutation,7097,T,C,.,.
1456,mutation,7100,A,G,.,.
1457,mutation,7103,T,C,.,.
1458,mutation,7109,A,G,.,.
1459,mutation,7118,A,G,.,.
1460,mutation,7130,A,G,.,.
1461,mutation,7134,C,T,.,.
1462,mutation,7136,G,A,.,.
1463,mutation,7146,G,T,.,.
1464,mutation,7148,A,G,.,.
1465,mutation,7157,G,A,.,.
1466,mutation,7160,A,T,.,.
1467,mutation,7175,G,A,.,.
1468,mutation,7184,G,T,.,.
1469,mutation,7193,A,G,.,.
1470,mutation,7199,G,A,.,.
1471,mutation,7200,C,T,.,.
1472,mutation,7202,G,A,.,.
1473,mutation,7211,T,A,.,.
1474,mutation,7214,G,A,.,.
1475,mutation,7217,C,T,.,.
1476,mutation,7220,C,A,.,.
1477,mutation,7235,G,A,.,.
1478,mutation,7238,C,T,.,.
1479,mutation,7244,A,G,.,.
1480,mutation,7250,A,T,.,.
1481,mutation,7259,T,A,.,.
1482,mutation,7261,T,C,.,.
1483,mutation,7262,C,A,.,.
1484,mutation,7265,A,G,.,.
1485,mutation,7271,T,C,.,.
1486,mutation,7277,A,T,.,.
1487,mutation,7283,A,G,.,.
1488,mutation,7286,A,G,.,.
1489,mutation,7289,C,T,.,.
1490,mutation,7307,C,T,.,.
1491,mutation,7310,C,T,.,.
1492,mutation,7319,G,A,.,.
1493,mutation,7322,C,T,.,.
1494,mutation,7325,C,T,.,.
1495,mutation,7329,A,C,.,.
1496,mutation,7336,G,A,.,.
1497,mutation,7337,T,C,.,.
1498,mutation,7343,T,C,.,.
1499,mutation,7344,G,A,.,.
1500,mutation,7349,T,C,.,.
1501,mutation,7352,C,T,.,.
1502,mutation,7358,A,G,.,.
1503,mutation,7373,G,T,.,.
1504,mutation,7379,C,T,.,.
1505,mutation,7391,A,T,.,.
1506,mutation,7400,C,T,.,.
1507,mutation,7409,T,A,.,.
1508,mutation,7415,A,G,.,.
1509,mutation,7427,T,C,.,.
1510,mutation,7430,T,C,.,.
1511,mutation,7439,C,T,.,.
1512,mutation,7445,T,G,.,.
1513,mutation,7448,A,G,.,.
1514,mutation,7454,G,A,.,.
1515,mutation,7457,A,G,.,.
1516,mutation,7463,A,T,.,.
1517,mutation,7466,C,T,.,.
1518,mutation,7475,C,T,.,.
1519,mutation,7478,T,C,.,.
1520,mutation,7479,C,T,.,.
1521,mutation,7481,G,T,.,.
1522,mutation,7485,C,T,.,.
1523,mutation,7490,T,C,.,.
1524,mutation,7493,A,G,.,.
1525,mutation,7498,T,C,.,.
1526,mutation,7502,C,T,.,.
1527,mutation,7508,T,A,.,.
1528,mutation,7514,C,T,.,.
1529,mutation,7520,A,G,.,.
1530,mutation,7526,G,A,.,.
1531,mutation,7532,G,A,.,.
1532,mutation,7535,C,T,.,.
1533,mutation,7541,T,C,.,.
1534,mutation,7544,G,A,.,.
1535,mutation,7547,A,G,.,.
1536,mutation,7562,C,T,.,.
1537,mutation,7568,G,A,.,.
1538,mutation,7590,C,T,.,.
1539,mutation,7595,C,T,.,.
1540,mutation,7599,T,C,.,.
1541,mutation,7601,G,A,.,.
1542,mutation,7610,T,A,.,.
1543,mutation,7613,A,G,.,.
1544,mutation,7619,C,T,.,.
1545,mutation,7628,C,T,.,.
1546,mutation,7631,C,T,.,.
1547,mutation,7643,T,C,.,.
1548,mutation,7646,T,C,.,.
1549,mutation,7649,A,G,.,.
1550,mutation,7655,T,C,.,.
1551,mutation,7664,T,C,.,.
1552,mutation,7667,T,C,.,.
1553,mutation,7673,A,T,.,.
1554,mutation,7679,G,A,.,.
1555,mutation,7697,T,A,.,.
1556,mutation,7706,C,T,.,.
1557,mutation,7710,C,T,.,.
1558,mutation,7715,C,T,.,.
1559,mutation,7722,T,C,.,.
1560,mutation,7724,A,G,.,.
1561,mutation,7730,G,A,.,.
1562,mutation,7731,G,A,.,.
1563,mutation,7739,A,G,.,.
1564,mutation,7745,T,C,.,.
1565,mutation,7751,T,C,.,.
1566,mutation,7757,T,C,.,.
1567,mutation,7763,G,A,.,.
1568,mutation,7766,T,C,.,.
1569,mutation,7775,G,A,.,.
1570,mutation,7778,A,C,.,.
1571,mutation,7781,T,C,.,.
1572,mutation,7788,T,C,.,.
1573,mutation,7793,C,T,.,.
1574,mutation,7806,A,G,.,.
1575,mutation,7807,C,T,.,.
1576,mutation,7811,C,T,.,.
1577,mutation,7817,C,T,.,.
1578,mutation,7832,C,T,.,.
1579,mutation,7838,T,C,.,.
1580,mutation,7839,G,T,.,.
1581,mutation,7841,A,G,.,.
1582,mutation,7854,C,T,.,.
1583,mutation,7865,A,G,.,.
1584,mutation,7871,T,A,.,.
1585,mutation,7874,G,A,.,.
1586,mutation,7877,T,A,.,.
1587,mutation,7878,G,A,.,.
1588,mutation,7889,T,A,.,.
1589,mutation,7892,T,C,.,.
1590,mutation,7916,T,C,.,.
1591,mutation,7925,C,T,.,.
1592,mutation,7931,A,T,.,.
1593,mutation,7937,C,T,.,.
1594,mutation,7940,T,C,.,.
1595,mutation,7946,G,A,.,.
1596,mutation,7955,T,C,.,.
1597,mutation,7964,C,T,.,.
1598,mutation,7967,C,T,.,.
1599,mutation,7973,T,C,.,.
1600,mutation,7979,C,T,.,.
1601,mutation,7988,C,T,.,.
1602,mutation,7994,C,T,.,.
1603,mutation,7997,T,C,.,.
1604,mutation,8001,T,C,.,.
1605,mutation,8006,C,T,.,.
1606,mutation,8009,A,G,.,.
1607,mutation,8012,A,G,.,.
1608,mutation,8013,T,G,.,.
1609,mutation,8016,A,G,.,.
1610,mutation,8021,A,G,.,.
1611,mutation,8030,G,A,.,.
1612,mutation,8033,T,C,.,.
1613,mutation,8038,A,G,.,.
1614,mutation,8045,C,T,.,.
1615,mutation,8048,G,A,.,.
1616,mutation,8057,C,T,.,.
1617,mutation,8069,T,C,.,.
1618,mutation,8070,T,C,.,.
1619,mutation,8072,G,A,.,.
1620,mutation,8073,C,T,.,.
1621,mutation,8078,A,T,.,.
1622,mutation,8093,T,G,.,.
1623,mutation,8100,G,A,.,.
1624,mutation,8101,G,C,.,.
1625,mutation,8108,T,C,.,.
1626,mutation,8111,C,T,.,.
1627,mutation,8115,T,A,.,.
1628,mutation,8126,C,T,.,.
1629,mutation,8144,A,G,.,.
1630,mutation,8147,T,C,.,.
1631,mutation,8156,C,T,.,.
1632,mutation,8159,G,A,.,.
1633,mutation,8162,A,G,.,.
1634,mutation,8173,A,G,.,.
1635,mutation,8174,T,G,.,.
1636,mutation,8180,A,G,.,.
1637,mutation,8183,G,A,.,.
1638,mutation,8192,T,C,.,.
1639,mutation,8198,T,C,.,.
1640,mutation,8201,T,C,.,.
1641,mutation,8210,A,G,.,.
1642,mutation,8213,G,A,.,.
1643,mutation,8216,T,C,.,.
1644,mutation,8222,T,C,.,.
1645,mutation,8234,G,A,.,.
1646,mutation,8237,A,G,.,.
1647,mutation,8249,A,G,.,.
1648,mutation,8252,G,A,.,.
1649,mutation,8258,G,A,.,.
1650,mutation,8265,C,T,.,.
1651,mutation,8267,C,G,.,.
1652,mutation,8276,C,T,.,.
1653,mutation,8282,A,T,.,.
1654,mutation,8285,C,T,.,.
1655,mutation,8286,T,C,.,.
1656,mutation,8289,G,C,.,.
1657,mutation,8291,T,A,.,.
1658,mutation,8294,A,G,.,.
1659,mutation,8297,C,T,.,.
1660,mutation,8300,G,A,.,.
1661,mutation,8301,C,T,.,.
1662,mutation,8303,T,A,.,.
1663,mutation,8306,G,A,.,.
1664,mutation,8309,G,A,.,.
1665,mutation,8315,C,T,.,.
1666,mutation,8321,T,A,.,.
1667,mutation,8330,G,A,.,.
1668,mutation,8344,C,T,.,.
1669,mutation,8346,G,A,.,.
1670,mutation,8348,A,G,.,.
1671,mutation,8349,C,T,.,.
1672,mutation,8354,A,G,.,.
1673,mutation,8366,A,G,.,.
1674,mutation,8372,C,T,.,.
1675,mutation,8384,A,G,.,.
1676,mutation,8399,T,C,.,.
1677,mutation,8403,G,T,.,.
1678,mutation,8408,A,G,.,.
1679,mutation,8414,G,A,.,.
1680,mutation,8423,G,A,.,.
1681,mutation,8426,G,A,.,.
1682,mutation,8432,T,A,.,.
1683,mutation,8435,T,C,.,.
1684,mutation,8441,A,G,.,.
1685,mutation,8453,A,G,.,.
1686,mutation,8455,G,A,.,.
1687,mutation,8459,A,G,.,.
1688,mutation,8460,C,T,.,.
1689,mutation,8465,T,C,.,.
1690,mutation,8469,G,A,.,.
1691,mutation,8475,G,A,.,.
1692,mutation,8477,T,A,.,.
1693,mutation,8480,G,A,.,.
1694,mutation,8489,A,G,.,.
1695,mutation,8492,G,A,.,.
1696,mutation,8495,A,G,.,.
1697,mutation,8497,G,A,.,.
1698,mutation,8501,C,T,.,.
1699,mutation,8519,C,T,.,.
1700,mutation,8522,A,C,.,.
1701,mutation,8525,A,G,.,.
1702,mutation,8528,C,T,.,.
1703,mutation,8534,G,A,.,.
1704,mutation,8535,T,C,.,.
1705,mutation,8540,G,A,.,.
1706,mutation,8542,T,G,.,.
1707,mutation,8543,T,C,.,.
1708,mutation,8546,C,T,.,.
1709,mutation,8547,T,A,.,.
1710,mutation,8558,A,G,.,.
1711,mutation,8559,C,T,.,.
1712,mutation,8569,C,G,.,.
1713,mutation,8582,T,C,.,.
1714,mutation,8599,G,C,.,.
1715,mutation,8600,C,T,.,.
1716,mutation,8606,A,G,.,.
1717,mutation,8614,G,A,.,.
1718,mutation,8617,C,A,.,.
1719,mutation,8627,C,T,.,.
1720,mutation,8633,C,T,.,.
1721,mutation,8636,G,A,.,.
1722,mutation,8637,T,C,.,.
1723,mutation,8642,C,T,.,.
1724,mutation,8644,C,T,.,.
1725,mutation,8645,G,C,.,.
1726,mutation,8654,C,A,.,.
1727,mutation,8660,T,A,.,.
1728,mutation,8666,T,C,.,.
1729,mutation,8669,T,G,.,.
1730,mutation,8674,C,T,.,.
1731,mutation,8678,C,A,.,.
1732,mutation,8687,G,A,.,.
1733,mutation,8690,A,T,.,.
1734,mutation,8693,T,C,.,.
1735,mutation,8702,G,A,.,.
1736,mutation,8703,A,C,.,.
1737,mutation,8708,C,T,.,.
1738,mutation,8711,G,A,.,.
1739,mutation,8726,G,A,.,.
1740,mutation,8741,A,G,.,.
1741,mutation,8744,C,T,.,.
1742,mutation,8747,G,A,.,.
1743,mutation,8750,A,T,.,.
1744,mutation,8756,C,T,.,.
1745,mutation,8759,G,A,.,.
1746,mutation,8765,C,T,.,.
1747,mutation,8768,A,G,.,.
1748,mutation,8774,T,C,.,.
1749,mutation,8775,T,C,.,.
1750,mutation,8777,G,A,.,.
1751,mutation,8780,T,C,.,.
1752,mutation,8795,A,G,.,.
1753,mutation,8804,T,C,.,.
1754,mutation,8807,T,C,.,.
1755,mutation,8819,G,A,.,.
1756,mutation,8843,G,A,.,.
1757,mutation,8852,G,A,.,.
1758,mutation,8855,A,G,.,.
1759,mutation,8858,G,A,.,.
1760,mutation,8860,G,A,.,.
1761,mutation,8861,G,A,.,.
1762,mutation,8862,A,C,.,.
1763,mutation,8864,G,T,.,.
1764,mutation,8888,G,A,.,.
1765,mutation,8948,T,C,.,.
1766,mutation,8949,G,A,.,.
1767,mutation,8954,C,T,.,.
1768,mutation,8978,G,A,.,.
1769,mutation,8979,A,G,.,.
1770,mutation,8990,T,C,.,.
1771,mutation,8993,G,A,.,.
1772,mutation,8999,G,A,.,.
1773,mutation,9000,T,C,.,.
1774,mutation,9032,C,A,.,.
1775,mutation,9107,T,C,.,.
1776,mutation,9126,A,G,.,.
1777,mutation,9131,A,T,.,.
1778,mutation,9140,G,C,.,.
1779,mutation,9145,T,G,.,.
1780,mutation,9146,G,A,.,.
1781,mutation,9147,G,A,.,.
1782,mutation,9152,A,G,.,.
1783,mutation,9155,G,T,.,.
1784,mutation,9158,T,C,.,.
1785,mutation,9164,C,T,.,.
1786,mutation,9179,G,A,.,.
1787,mutation,9182,C,T,.,.
1788,mutation,9191,A,G,.,.
1789,mutation,9209,G,A,.,.
1790,mutation,9212,A,G,.,.
1791,mutation,9215,G,A,.,.
1792,mutation,9239,A,T,.,.
1793,mutation,9242,G,A,.,.
1794,mutation,9251,C,T,.,.
1795,mutation,9255,C,T,.,.
1796,mutation,9269,G,A,.,.
1797,mutation,9275,C,T,.,.
1798,mutation,9284,C,T,.,.
1799,mutation,9299,G,A,.,.
1800,mutation,9329,C,T,.,.
1801,mutation,9359,C,G,.,.
1802,mutation,9382,C,T,.,.
1803,mutation,9398,A,G,.,.
1804,mutation,9399,G,A,.,.
1805,mutation,9406,C,T,.,.
1806,mutation,9407,A,G,.,.
1807,mutation,9409,A,T,.,.
1808,mutation,9449,A,G,.,.
1809,mutation,9450,T,A,.,.
1810,mutation,9467,G,A,.,.
1811,mutation,9477,A,G,.,.
1812,mutation,9478,A,G,.,.
1813,mutation,9479,T,C,.,.
1814,mutation,9484,G,A,.,.
1815,mutation,9486,A,G,.,.
1816,mutation,9492,C,T,.,.
1817,mutation,9494,G,T,.,.
1818,mutation,9495,G,A,.,.
1819,mutation,9497,T,C,.,.
1820,mutation,9502,T,C,.,.
1821,mutation,9507,A,G,.,.
1822,mutation,9511,T,C,.,.
1823,mutation,9512,G,A,.,.
1824,mutation,9518,T,C,.,.
1825,mutation,9519,C,T,.,.
1826,mutation,9522,T,G,.,.
1827,mutation,9525,G,T,.,.
1828,mutation,9527,T,C,.,.
1829,mutation,9528,A,G,.,.
1830,mutation,9529,A,T,.,.
1831,mutation,9533,C,T,.,.
1832,mutation,9535,C,T,.,.
1833,mutation,9543,A,T,.,.
1834,mutation,9549,A,G,.,.
1835,mutation,9550,G,T,.,.
1836,mutation,9555,G,A,.,.
1837,mutation,9569,C,T,.,.
1838,mutation,9580,A,C,.,.
1839,mutation,9585,T,C,.,.
1840,mutation,9586,C,T,.,.
1841,mutation,9628,C,T,.,.
1842,mutation,9637,C,T,.,.
1843,mutation,9640,T,G,.,.
1844,mutation,9641,C,T,.,.
1845,mutation,9643,G,A,.,.
1846,mutation,9652,G,A,.,.
1847,mutation,9655,T,C,.,.
1848,mutation,9663,T,C,.,.
1849,mutation,9664,C,T,.,.
1850,mutation,9671,A,G,.,.
1851,mutation,9677,A,G,.,.
