,type,position,reference,variant,haplotype,frequency,position_one_based
0,mutation,81,A,G,.,.,82
1,mutation,95,C,G,.,.,96
2,mutation,100,G,A,.,.,101
3,mutation,106,G,A,.,.,107
4,mutation,107,G,A,.,.,108
5,mutation,108,T,A,.,.,109
6,mutation,114,A,T,.,.,115
7,mutation,114,A,G,.,.,115
8,mutation,115,T,G,.,.,116
9,mutation,137,T,G,.,.,138
10,mutation,138,A,T,.,.,139
11,mutation,157,G,T,.,.,158
12,mutation,164,A,C,.,.,165
13,mutation,166,G,A,.,.,167
14,mutation,167,G,A,.,.,168
15,mutation,175,A,G,.,.,176
16,mutation,181,T,C,.,.,182
17,mutation,182,A,G,.,.,183
18,mutation,183,A,C,.,.,184
19,mutation,188,G,A,.,.,189
20,mutation,191,A,G,.,.,192
21,mutation,195,C,A,.,.,196
22,mutation,197,A,T,.,.,198
23,mutation,200,T,G,.,.,201
24,mutation,203,T,C,.,.,204
25,mutation,204,T,C,.,.,205
26,mutation,205,A,C,.,.,206
27,mutation,210,C,A,.,.,211
28,mutation,212,G,A,.,.,213
29,mutation,213,T,C,.,.,214
30,mutation,214,G,T,.,.,215
31,mutation,216,G,A,.,.,217
32,mutation,219,T,A,.,.,220
33,mutation,226,G,A,.,.,227
34,mutation,227,A,G,.,.,228
35,mutation,229,G,A,.,.,230
36,mutation,232,T,C,.,.,233
37,mutation,232,T,A,.,.,233
38,mutation,236,C,T,.,.,237
39,mutation,238,G,T,.,.,239
40,mutation,238,G,A,.,.,239
41,mutation,242,A,G,.,.,243
42,mutation,243,G,A,.,.,244
43,mutation,244,A,G,.,.,245
44,mutation,245,G,C,.,.,246
45,mutation,249,T,G,.,.,250
46,mutation,250,G,A,.,.,251
47,mutation,255,A,T,.,.,256
48,mutation,261,G,A,.,.,262
49,mutation,272,C,A,.,.,273
50,mutation,273,G,T,.,.,274
51,mutation,273,G,A,.,.,274
52,mutation,274,C,G,.,.,275
53,mutation,283,T,G,.,.,284
54,mutation,283,T,C,.,.,284
55,mutation,290,G,A,.,.,291
56,mutation,314,T,A,.,.,315
57,mutation,318,T,A,.,.,319
58,mutation,322,G,A,.,.,323
59,mutation,323,A,G,.,.,324
60,mutation,328,C,A,.,.,329
61,mutation,332,T,C,.,.,333
62,mutation,333,A,C,.,.,334
63,mutation,334,T,C,.,.,335
64,mutation,335,C,T,.,.,336
65,mutation,337,A,G,.,.,338
66,mutation,341,T,A,.,.,342
67,mutation,342,G,T,.,.,343
68,mutation,378,G,A,.,.,379
69,mutation,380,C,T,.,.,381
70,mutation,390,G,A,.,.,391
71,mutation,392,G,C,.,.,393
72,mutation,393,G,A,.,.,394
73,mutation,394,G,A,.,.,395
74,mutation,410,G,A,.,.,411
75,mutation,420,C,G,.,.,421
76,mutation,423,G,A,.,.,424
77,mutation,477,T,G,.,.,478
78,mutation,500,A,G,.,.,501
79,mutation,506,G,A,.,.,507
80,mutation,522,C,T,.,.,523
81,mutation,548,T,C,.,.,549
82,mutation,549,C,T,.,.,550
83,mutation,549,C,A,.,.,550
84,mutation,586,A,G,.,.,587
85,mutation,605,C,A,.,.,606
86,mutation,607,T,C,.,.,608
87,mutation,613,C,T,.,.,614
88,mutation,619,G,A,.,.,620
89,mutation,653,T,C,.,.,654
90,mutation,654,T,G,.,.,655
91,mutation,666,G,A,.,.,667
92,mutation,666,G,T,.,.,667
93,mutation,667,G,A,.,.,668
94,mutation,670,A,G,.,.,671
95,mutation,680,C,A,.,.,681
96,mutation,718,G,A,.,.,719
97,mutation,755,A,G,.,.,756
98,mutation,757,A,T,.,.,758
99,mutation,758,A,T,.,.,759
100,mutation,806,A,G,.,.,807
101,mutation,815,C,T,.,.,816
102,mutation,817,G,C,.,.,818
103,mutation,821,A,G,.,.,822
104,mutation,827,A,G,.,.,828
105,mutation,831,C,A,.,.,832
106,mutation,832,G,A,.,.,833
107,mutation,833,A,G,.,.,834
108,mutation,839,A,G,.,.,840
109,mutation,860,G,A,.,.,861
110,mutation,870,A,C,.,.,871
111,mutation,877,A,G,.,.,878
112,mutation,879,T,C,.,.,880
113,mutation,917,A,T,.,.,918
114,mutation,926,T,C,.,.,927
115,mutation,927,A,G,.,.,928
116,mutation,929,T,C,.,.,930
117,mutation,933,G,A,.,.,934
118,mutation,938,G,T,.,.,939
119,mutation,944,A,G,.,.,945
120,mutation,945,A,T,.,.,946
121,mutation,953,A,G,.,.,954
122,mutation,977,G,A,.,.,978
123,mutation,984,C,T,.,.,985
124,mutation,986,A,G,.,.,987
125,mutation,993,C,A,.,.,994
126,mutation,1010,A,G,.,.,1011
127,mutation,1015,G,C,.,.,1016
128,mutation,1015,G,A,.,.,1016
129,mutation,1032,G,A,.,.,1033
130,mutation,1037,A,C,.,.,1038
131,mutation,1038,A,G,.,.,1039
132,mutation,1039,C,T,.,.,1040
133,mutation,1052,G,A,.,.,1053
134,mutation,1060,G,A,.,.,1061
135,mutation,1067,G,T,.,.,1068
136,mutation,1068,A,G,.,.,1069
137,mutation,1088,T,C,.,.,1089
138,mutation,1094,C,T,.,.,1095
139,mutation,1094,C,G,.,.,1095
140,mutation,1094,C,A,.,.,1095
141,mutation,1114,A,C,.,.,1115
142,mutation,1123,A,T,.,.,1124
143,mutation,1130,A,G,.,.,1131
144,mutation,1158,C,A,.,.,1159
145,mutation,1160,C,T,.,.,1161
146,mutation,1162,G,A,.,.,1163
147,mutation,1165,A,G,.,.,1166
148,mutation,1166,T,C,.,.,1167
149,mutation,1200,A,C,.,.,1201
150,mutation,1202,C,G,.,.,1203
151,mutation,1202,C,A,.,.,1203
152,mutation,1205,G,A,.,.,1206
153,mutation,1229,A,C,.,.,1230
154,mutation,1263,G,A,.,.,1264
155,mutation,1265,A,G,.,.,1266
156,mutation,1277,T,G,.,.,1278
157,mutation,1286,A,C,.,.,1287
158,mutation,1292,G,A,.,.,1293
159,mutation,1343,C,T,.,.,1344
160,mutation,1370,T,C,.,.,1371
161,mutation,1373,A,G,.,.,1374
162,mutation,1379,C,T,.,.,1380
163,mutation,1389,T,C,.,.,1390
164,mutation,1397,G,A,.,.,1398
165,mutation,1431,G,T,.,.,1432
166,mutation,1445,T,G,.,.,1446
167,mutation,1455,A,G,.,.,1456
168,mutation,1502,A,G,.,.,1503
169,mutation,1542,A,C,.,.,1543
170,mutation,1571,T,C,.,.,1572
171,mutation,1595,A,G,.,.,1596
172,mutation,1613,A,G,.,.,1614
173,mutation,1622,C,T,.,.,1623
174,mutation,1626,A,T,.,.,1627
175,mutation,1626,A,G,.,.,1627
176,mutation,1627,C,T,.,.,1628
177,mutation,1635,C,T,.,.,1636
178,mutation,1645,G,A,.,.,1646
179,mutation,1658,A,G,.,.,1659
180,mutation,1673,C,T,.,.,1674
181,mutation,1685,G,A,.,.,1686
182,mutation,1697,T,C,.,.,1698
183,mutation,1716,T,A,.,.,1717
184,mutation,1721,G,A,.,.,1722
185,mutation,1766,G,A,.,.,1767
186,mutation,1781,G,A,.,.,1782
187,mutation,1787,T,A,.,.,1788
188,mutation,1807,C,G,.,.,1808
189,mutation,1808,G,A,.,.,1809
190,mutation,1811,T,G,.,.,1812
191,mutation,1847,A,G,.,.,1848
192,mutation,1850,A,G,.,.,1851
193,mutation,1859,C,A,.,.,1860
194,mutation,1865,G,A,.,.,1866
195,mutation,1874,T,C,.,.,1875
196,mutation,1883,A,G,.,.,1884
197,mutation,1905,T,C,.,.,1906
198,mutation,1922,G,A,.,.,1923
199,mutation,1927,G,A,.,.,1928
200,mutation,1934,T,C,.,.,1935
201,mutation,1940,G,A,.,.,1941
202,mutation,1952,G,A,.,.,1953
203,mutation,1954,T,C,.,.,1955
204,mutation,1954,T,A,.,.,1955
205,mutation,1964,T,C,.,.,1965
206,mutation,1990,C,T,.,.,1991
207,mutation,1996,G,A,.,.,1997
208,mutation,2009,C,T,.,.,2010
209,mutation,2063,T,G,.,.,2064
210,mutation,2096,G,A,.,.,2097
211,mutation,2109,T,C,.,.,2110
212,mutation,2117,A,G,.,.,2118
213,mutation,2126,G,A,.,.,2127
214,mutation,2132,T,C,.,.,2133
215,mutation,2163,C,T,.,.,2164
216,mutation,2167,A,C,.,.,2168
217,mutation,2175,T,G,.,.,2176
218,mutation,2182,C,T,.,.,2183
219,mutation,2186,G,A,.,.,2187
220,mutation,2188,T,A,.,.,2189
221,mutation,2189,A,G,.,.,2190
222,mutation,2196,A,G,.,.,2197
223,mutation,2205,C,T,.,.,2206
224,mutation,2235,C,T,.,.,2236
225,mutation,2243,T,C,.,.,2244
226,mutation,2247,A,G,.,.,2248
227,mutation,2272,A,G,.,.,2273
228,mutation,2293,G,A,.,.,2294
229,mutation,2294,A,G,.,.,2295
230,mutation,2306,C,T,.,.,2307
231,mutation,2356,A,C,.,.,2357
232,mutation,2360,A,G,.,.,2361
233,mutation,2361,G,A,.,.,2362
234,mutation,2362,T,G,.,.,2363
235,mutation,2371,A,G,.,.,2372
236,mutation,2431,T,G,.,.,2432
237,mutation,2438,C,G,.,.,2439
238,mutation,2439,T,C,.,.,2440
239,mutation,2439,T,A,.,.,2440
240,mutation,2446,A,T,.,.,2447
241,mutation,2449,C,A,.,.,2450
242,mutation,2452,T,C,.,.,2453
243,mutation,2465,A,G,.,.,2466
244,mutation,2466,T,A,.,.,2467
245,mutation,2533,T,C,.,.,2534
246,mutation,2557,C,T,.,.,2558
247,mutation,2566,G,A,.,.,2567
248,mutation,2602,C,T,.,.,2603
249,mutation,2611,T,G,.,.,2612
250,mutation,2611,T,C,.,.,2612
251,mutation,2668,G,A,.,.,2669
252,mutation,2683,G,A,.,.,2684
253,mutation,2686,A,G,.,.,2687
254,mutation,2707,A,G,.,.,2708
255,mutation,2710,T,C,.,.,2711
256,mutation,2793,A,G,.,.,2794
257,mutation,2800,T,C,.,.,2801
258,mutation,2806,C,T,.,.,2807
259,mutation,2827,A,C,.,.,2828
260,mutation,2839,C,T,.,.,2840
261,mutation,2852,A,C,.,.,2853
262,mutation,2884,T,C,.,.,2885
263,mutation,2909,G,C,.,.,2910
264,mutation,2912,G,A,.,.,2913
265,mutation,2926,A,G,.,.,2927
266,mutation,2929,T,C,.,.,2930
267,mutation,2973,T,C,.,.,2974
268,mutation,2983,G,A,.,.,2984
269,mutation,3013,A,G,.,.,3014
270,mutation,3031,A,G,.,.,3032
271,mutation,3032,A,T,.,.,3033
272,mutation,3045,A,C,.,.,3046
273,mutation,3080,A,C,.,.,3081
274,mutation,3083,G,A,.,.,3084
275,mutation,3094,A,G,.,.,3095
276,mutation,3106,T,C,.,.,3107
277,mutation,3112,T,C,.,.,3113
278,mutation,3146,A,G,.,.,3147
279,mutation,3160,G,A,.,.,3161
280,mutation,3160,G,T,.,.,3161
281,mutation,3180,G,A,.,.,3181
282,mutation,3187,A,G,.,.,3188
283,mutation,3188,C,T,.,.,3189
284,mutation,3229,C,T,.,.,3230
285,mutation,3284,C,T,.,.,3285
286,mutation,3295,A,G,.,.,3296
287,mutation,3298,C,T,.,.,3299
288,mutation,3316,C,T,.,.,3317
289,mutation,3325,G,A,.,.,3326
290,mutation,3334,G,A,.,.,3335
291,mutation,3355,G,A,.,.,3356
292,mutation,3361,C,T,.,.,3362
293,mutation,3362,C,G,.,.,3363
294,mutation,3378,G,A,.,.,3379
295,mutation,3394,C,T,.,.,3395
296,mutation,3400,A,G,.,.,3401
297,mutation,3415,A,T,.,.,3416
298,mutation,3425,A,G,.,.,3426
299,mutation,3437,G,A,.,.,3438
300,mutation,3448,G,A,.,.,3449
301,mutation,3469,A,G,.,.,3470
302,mutation,3472,G,A,.,.,3473
303,mutation,3487,A,G,.,.,3488
304,mutation,3512,T,A,.,.,3513
305,mutation,3523,A,G,.,.,3524
306,mutation,3528,C,T,.,.,3529
307,mutation,3532,A,G,.,.,3533
308,mutation,3533,A,C,.,.,3534
309,mutation,3550,A,G,.,.,3551
310,mutation,3573,A,T,.,.,3574
311,mutation,3577,A,G,.,.,3578
312,mutation,3585,T,A,.,.,3586
313,mutation,3607,A,G,.,.,3608
314,mutation,3618,T,C,.,.,3619
315,mutation,3621,G,A,.,.,3622
316,mutation,3643,A,G,.,.,3644
317,mutation,3664,G,A,.,.,3665
318,mutation,3674,A,G,.,.,3675
319,mutation,3678,C,A,.,.,3679
320,mutation,3679,A,T,.,.,3680
321,mutation,3705,C,T,.,.,3706
322,mutation,3719,C,T,.,.,3720
323,mutation,3721,G,A,.,.,3722
324,mutation,3727,A,T,.,.,3728
325,mutation,3733,G,A,.,.,3734
326,mutation,3746,A,G,.,.,3747
327,mutation,3760,G,T,.,.,3761
328,mutation,3760,G,A,.,.,3761
329,mutation,3799,T,C,.,.,3800
330,mutation,3811,T,C,.,.,3812
331,mutation,3820,A,G,.,.,3821
332,mutation,3829,C,T,.,.,3830
333,mutation,3838,G,A,.,.,3839
334,mutation,3851,G,A,.,.,3852
335,mutation,3865,C,T,.,.,3866
336,mutation,3880,G,A,.,.,3881
337,mutation,3886,T,C,.,.,3887
338,mutation,3889,C,T,.,.,3890
339,mutation,3895,G,C,.,.,3896
340,mutation,3895,G,A,.,.,3896
341,mutation,3898,T,C,.,.,3899
342,mutation,3903,T,C,.,.,3904
343,mutation,3922,T,A,.,.,3923
344,mutation,3926,A,G,.,.,3927
345,mutation,3927,A,G,.,.,3928
346,mutation,3928,T,C,.,.,3929
347,mutation,3930,G,A,.,.,3931
348,mutation,3931,A,G,.,.,3932
349,mutation,3943,A,G,.,.,3944
350,mutation,3950,A,T,.,.,3951
351,mutation,3950,A,C,.,.,3951
352,mutation,3956,A,G,.,.,3957
353,mutation,3958,T,G,.,.,3959
354,mutation,3958,T,A,.,.,3959
355,mutation,3976,G,A,.,.,3977
356,mutation,3983,T,C,.,.,3984
357,mutation,3995,T,C,.,.,3996
358,mutation,3997,T,C,.,.,3998
359,mutation,4015,G,A,.,.,4016
360,mutation,4036,A,G,.,.,4037
361,mutation,4057,A,G,.,.,4058
362,mutation,4060,A,G,.,.,4061
363,mutation,4075,A,G,.,.,4076
364,mutation,4082,C,A,.,.,4083
365,mutation,4083,A,G,.,.,4084
366,mutation,4084,A,G,.,.,4085
367,mutation,4104,A,G,.,.,4105
368,mutation,4117,G,A,.,.,4118
369,mutation,4121,T,C,.,.,4122
370,mutation,4138,G,A,.,.,4139
371,mutation,4144,T,C,.,.,4145
372,mutation,4189,A,G,.,.,4190
373,mutation,4201,A,G,.,.,4202
374,mutation,4213,A,G,.,.,4214
375,mutation,4225,A,G,.,.,4226
376,mutation,4258,T,A,.,.,4259
377,mutation,4261,A,T,.,.,4262
378,mutation,4267,G,A,.,.,4268
379,mutation,4278,G,C,.,.,4279
380,mutation,4312,G,A,.,.,4313
381,mutation,4319,G,A,.,.,4320
382,mutation,4349,G,A,.,.,4350
383,mutation,4369,A,G,.,.,4370
384,mutation,4384,A,G,.,.,4385
385,mutation,4399,T,C,.,.,4400
386,mutation,4414,A,G,.,.,4415
387,mutation,4423,T,C,.,.,4424
388,mutation,4442,G,A,.,.,4443
389,mutation,4448,C,T,.,.,4449
390,mutation,4492,T,A,.,.,4493
391,mutation,4504,A,G,.,.,4505
392,mutation,4513,G,A,.,.,4514
393,mutation,4525,T,C,.,.,4526
394,mutation,4528,T,C,.,.,4529
395,mutation,4531,T,C,.,.,4532
396,mutation,4532,T,C,.,.,4533
397,mutation,4546,A,C,.,.,4547
398,mutation,4560,A,C,.,.,4561
399,mutation,4565,A,G,.,.,4566
400,mutation,4598,G,A,.,.,4599
401,mutation,4600,T,C,.,.,4601
402,mutation,4603,G,A,.,.,4604
403,mutation,4609,G,A,.,.,4610
404,mutation,4627,G,A,.,.,4628
405,mutation,4627,G,T,.,.,4628
406,mutation,4630,A,G,.,.,4631
407,mutation,4648,A,C,.,.,4649
408,mutation,4679,G,A,.,.,4680
409,mutation,4829,G,A,.,.,4830
410,mutation,4844,A,T,.,.,4845
411,mutation,4865,T,C,.,.,4866
412,mutation,4870,A,G,.,.,4871
413,mutation,4917,G,A,.,.,4918
414,mutation,4922,A,G,.,.,4923
415,mutation,4928,C,G,.,.,4929
416,mutation,4928,C,A,.,.,4929
417,mutation,4951,C,T,.,.,4952
418,mutation,4984,A,G,.,.,4985
419,mutation,5022,C,T,.,.,5023
420,mutation,5026,G,A,.,.,5027
421,mutation,5032,T,C,.,.,5033
422,mutation,5075,A,G,.,.,5076
423,mutation,5095,G,A,.,.,5096
424,mutation,5096,A,C,.,.,5097
425,mutation,5097,A,G,.,.,5098
426,mutation,5105,A,C,.,.,5106
427,mutation,5108,T,A,.,.,5109
428,mutation,5130,G,A,.,.,5131
429,mutation,5136,G,A,.,.,5137
430,mutation,5146,G,A,.,.,5147
431,mutation,5149,G,A,.,.,5150
432,mutation,5150,A,C,.,.,5151
433,mutation,5154,T,A,.,.,5155
434,mutation,5155,T,C,.,.,5156
435,mutation,5161,G,A,.,.,5162
436,mutation,5177,C,T,.,.,5178
437,mutation,5178,C,A,.,.,5179
438,mutation,5181,C,A,.,.,5182
439,mutation,5188,G,A,.,.,5189
440,mutation,5190,A,G,.,.,5191
441,mutation,5207,C,A,.,.,5208
442,mutation,5227,G,A,.,.,5228
443,mutation,5231,G,A,.,.,5232
444,mutation,5235,A,G,.,.,5236
445,mutation,5258,T,C,.,.,5259
446,mutation,5300,A,G,.,.,5301
447,mutation,5311,A,C,.,.,5312
448,mutation,5314,A,G,.,.,5315
449,mutation,5341,A,G,.,.,5342
450,mutation,5342,A,C,.,.,5343
451,mutation,5353,A,G,.,.,5354
452,mutation,5367,T,C,.,.,5368
453,mutation,5369,T,C,.,.,5370
454,mutation,5372,C,T,.,.,5373
455,mutation,5378,C,T,.,.,5379
456,mutation,5390,C,A,.,.,5391
457,mutation,5402,A,G,.,.,5403
458,mutation,5405,G,T,.,.,5406
459,mutation,5405,G,A,.,.,5406
460,mutation,5406,G,A,.,.,5407
461,mutation,5409,T,A,.,.,5410
462,mutation,5418,C,T,.,.,5419
463,mutation,5419,A,G,.,.,5420
464,mutation,5420,C,T,.,.,5421
465,mutation,5422,T,G,.,.,5423
466,mutation,5429,C,T,.,.,5430
467,mutation,5435,G,T,.,.,5436
468,mutation,5435,G,A,.,.,5436
469,mutation,5458,A,G,.,.,5459
470,mutation,5477,A,G,.,.,5478
471,mutation,5490,G,A,.,.,5491
472,mutation,5500,T,C,.,.,5501
473,mutation,5503,C,A,.,.,5504
474,mutation,5509,A,G,.,.,5510
475,mutation,5511,A,C,.,.,5512
476,mutation,5512,A,G,.,.,5513
477,mutation,5515,T,C,.,.,5516
478,mutation,5525,T,C,.,.,5526
479,mutation,5539,C,A,.,.,5540
480,mutation,5539,C,G,.,.,5540
481,mutation,5540,G,A,.,.,5541
482,mutation,5546,G,A,.,.,5547
483,mutation,5555,T,C,.,.,5556
484,mutation,5599,A,G,.,.,5600
485,mutation,5600,C,T,.,.,5601
486,mutation,5608,A,C,.,.,5609
487,mutation,5632,G,A,.,.,5633
488,mutation,5640,A,G,.,.,5641
489,mutation,5641,T,A,.,.,5642
490,mutation,5650,T,G,.,.,5651
491,mutation,5659,T,C,.,.,5660
492,mutation,5666,A,C,.,.,5667
493,mutation,5667,T,C,.,.,5668
494,mutation,5668,T,A,.,.,5669
495,mutation,5668,T,C,.,.,5669
496,mutation,5674,C,A,.,.,5675
497,mutation,5678,G,A,.,.,5679
498,mutation,5679,G,A,.,.,5680
499,mutation,5680,C,T,.,.,5681
500,mutation,5686,G,A,.,.,5687
501,mutation,5690,C,T,.,.,5691
502,mutation,5707,T,C,.,.,5708
503,mutation,5710,G,A,.,.,5711
504,mutation,5720,G,A,.,.,5721
505,mutation,5735,A,T,.,.,5736
506,mutation,5746,T,A,.,.,5747
507,mutation,5755,A,G,.,.,5756
508,mutation,5767,C,T,.,.,5768
509,mutation,5769,ATTTT,ATTT,.,.,5770
510,mutation,5788,G,A,.,.,5789
511,mutation,5805,G,A,.,.,5806
512,mutation,5809,C,T,.,.,5810
513,mutation,5812,G,A,.,.,5813
514,mutation,5823,G,A,.,.,5824
515,mutation,5842,G,A,.,.,5843
516,mutation,5849,G,A,.,.,5850
517,mutation,5850,A,C,.,.,5851
518,mutation,5885,A,G,.,.,5886
519,mutation,5886,A,G,.,.,5887
520,mutation,5897,C,A,.,.,5898
521,mutation,5910,T,C,.,.,5911
522,mutation,5916,G,A,.,.,5917
523,mutation,5923,T,C,.,.,5924
524,mutation,5936,T,C,.,.,5937
525,mutation,5943,C,T,.,.,5944
526,mutation,5945,T,C,.,.,5946
527,mutation,5946,A,G,.,.,5947
528,mutation,5948,C,A,.,.,5949
529,mutation,5954,C,G,.,.,5955
530,mutation,6001,G,C,.,.,6002
531,mutation,6005,A,C,.,.,6006
532,mutation,6009,G,A,.,.,6010
533,mutation,6010,A,G,.,.,6011
534,mutation,6028,G,A,.,.,6029
535,mutation,6029,C,T,.,.,6030
536,mutation,6029,C,G,.,.,6030
537,mutation,6037,T,C,.,.,6038
538,mutation,6054,A,G,.,.,6055
539,mutation,6061,A,C,.,.,6062
540,mutation,6062,C,T,.,.,6063
541,mutation,6065,A,T,.,.,6066
542,mutation,6066,A,T,.,.,6067
543,mutation,6067,C,T,.,.,6068
544,mutation,6070,A,T,.,.,6071
545,mutation,6074,C,A,.,.,6075
546,mutation,6076,A,G,.,.,6077
547,mutation,6079,G,T,.,.,6080
548,mutation,6106,A,G,.,.,6107
549,mutation,6107,T,C,.,.,6108
550,mutation,6107,T,G,.,.,6108
551,mutation,6121,G,A,.,.,6122
552,mutation,6130,T,A,.,.,6131
553,mutation,6132,C,T,.,.,6133
554,mutation,6139,A,T,.,.,6140
555,mutation,6139,A,C,.,.,6140
556,mutation,6171,A,G,.,.,6172
557,mutation,6180,C,T,.,.,6181
558,mutation,6183,G,A,.,.,6184
559,mutation,6190,G,A,.,.,6191
560,mutation,6194,G,A,.,.,6195
561,mutation,6196,C,A,.,.,6197
562,mutation,6200,T,G,.,.,6201
563,mutation,6200,T,C,.,.,6201
564,mutation,6204,A,G,.,.,6205
565,mutation,6209,C,A,.,.,6210
566,mutation,6231,T,C,.,.,6232
567,mutation,6234,A,C,.,.,6235
568,mutation,6241,A,T,.,.,6242
569,mutation,6241,A,G,.,.,6242
570,mutation,6243,A,G,.,.,6244
571,mutation,6244,T,G,.,.,6245
572,mutation,6270,G,A,.,.,6271
573,mutation,6272,T,G,.,.,6273
574,mutation,6279,C,T,.,.,6280
575,mutation,6281,A,T,.,.,6282
576,mutation,6294,T,C,.,.,6295
577,mutation,6295,G,A,.,.,6296
578,mutation,6298,G,A,.,.,6299
579,mutation,6314,A,G,.,.,6315
580,mutation,6315,C,T,.,.,6316
581,mutation,6315,C,A,.,.,6316
582,mutation,6320,A,C,.,.,6321
583,mutation,6322,A,G,.,.,6323
584,mutation,6323,T,A,.,.,6324
585,mutation,6324,T,C,.,.,6325
586,mutation,6335,G,A,.,.,6336
587,mutation,6360,A,G,.,.,6361
588,mutation,6361,G,A,.,.,6362
589,mutation,6365,G,A,.,.,6366
590,mutation,6403,A,C,.,.,6404
591,mutation,6476,G,A,.,.,6477
592,mutation,6477,T,A,.,.,6478
593,mutation,6483,T,A,.,.,6484
594,mutation,6483,T,G,.,.,6484
595,mutation,6490,G,A,.,.,6491
596,mutation,6497,A,G,.,.,6498
597,mutation,6518,G,A,.,.,6519
598,mutation,6529,A,T,.,.,6530
599,mutation,6532,G,A,.,.,6533
600,mutation,6538,T,G,.,.,6539
601,mutation,6545,A,G,.,.,6546
602,mutation,6552,G,A,.,.,6553
603,mutation,6563,C,G,.,.,6564
604,mutation,6569,C,T,.,.,6570
605,mutation,6592,C,T,.,.,6593
606,mutation,6606,G,C,.,.,6607
607,mutation,6613,G,T,.,.,6614
608,mutation,6618,C,A,.,.,6619
609,mutation,6619,T,A,.,.,6620
610,mutation,6620,G,A,.,.,6621
611,mutation,6623,T,G,.,.,6624
612,mutation,6625,G,A,.,.,6626
613,mutation,6627,A,G,.,.,6628
614,mutation,6632,G,A,.,.,6633
615,mutation,6633,A,C,.,.,6634
616,mutation,6641,A,C,.,.,6642
617,mutation,6645,A,C,.,.,6646
618,mutation,6652,T,C,.,.,6653
619,mutation,6655,C,T,.,.,6656
620,mutation,6656,G,T,.,.,6657
621,mutation,6657,G,A,.,.,6658
622,mutation,6659,A,G,.,.,6660
623,mutation,6660,G,A,.,.,6661
624,mutation,6663,T,C,.,.,6664
625,mutation,6675,A,G,.,.,6676
626,mutation,6682,G,A,.,.,6683
627,mutation,6691,C,T,.,.,6692
628,mutation,6701,A,T,.,.,6702
629,mutation,6708,G,C,.,.,6709
630,mutation,6711,C,A,.,.,6712
631,mutation,6722,G,A,.,.,6723
632,mutation,6723,G,A,.,.,6724
633,mutation,6730,G,A,.,.,6731
634,mutation,6731,C,A,.,.,6732
635,mutation,6745,A,T,.,.,6746
636,mutation,6746,T,C,.,.,6747
637,mutation,6748,T,C,.,.,6749
638,mutation,6752,T,A,.,.,6753
639,mutation,6756,A,G,.,.,6757
640,mutation,6757,A,C,.,.,6758
641,mutation,6760,T,G,.,.,6761
642,mutation,6764,A,G,.,.,6765
643,mutation,6767,A,G,.,.,6768
644,mutation,6782,G,A,.,.,6783
645,mutation,6786,C,A,.,.,6787
646,mutation,6790,C,T,.,.,6791
647,mutation,6792,G,A,.,.,6793
648,mutation,6793,C,A,.,.,6794
649,mutation,6798,A,G,.,.,6799
650,mutation,6802,G,A,.,.,6803
651,mutation,6804,C,T,.,.,6805
652,mutation,6832,G,A,.,.,6833
653,mutation,6854,G,C,.,.,6855
654,mutation,6856,G,A,.,.,6857
655,mutation,6879,C,T,.,.,6880
656,mutation,6889,T,G,.,.,6890
657,mutation,6898,T,G,.,.,6899
658,mutation,6904,A,G,.,.,6905
659,mutation,6910,T,C,.,.,6911
660,mutation,6911,A,G,.,.,6912
661,mutation,6916,G,A,.,.,6917
662,mutation,6918,C,A,.,.,6919
663,mutation,6919,G,A,.,.,6920
664,mutation,6929,A,T,.,.,6930
665,mutation,6930,C,A,.,.,6931
666,mutation,6936,C,A,.,.,6937
667,mutation,6940,T,C,.,.,6941
668,mutation,6942,C,A,.,.,6943
669,mutation,6976,T,C,.,.,6977
670,mutation,6985,A,G,.,.,6986
671,mutation,6988,A,G,.,.,6989
672,mutation,7004,T,C,.,.,7005
673,mutation,7028,G,A,.,.,7029
674,mutation,7030,G,T,.,.,7031
675,mutation,7030,G,C,.,.,7031
676,mutation,7031,G,A,.,.,7032
677,mutation,7033,A,T,.,.,7034
678,mutation,7047,T,A,.,.,7048
679,mutation,7047,T,C,.,.,7048
680,mutation,7048,C,A,.,.,7049
681,mutation,7054,C,T,.,.,7055
682,mutation,7057,G,A,.,.,7058
683,mutation,7058,G,A,.,.,7059
684,mutation,7072,C,T,.,.,7073
685,mutation,7087,G,A,.,.,7088
686,mutation,7090,C,T,.,.,7091
687,mutation,7091,A,G,.,.,7092
688,mutation,7092,C,A,.,.,7093
689,mutation,7100,G,A,.,.,7101
690,mutation,7101,A,T,.,.,7102
691,mutation,7117,A,G,.,.,7118
692,mutation,7122,A,G,.,.,7123
693,mutation,7137,A,G,.,.,7138
694,mutation,7141,A,T,.,.,7142
695,mutation,7150,C,A,.,.,7151
696,mutation,7151,C,A,.,.,7152
697,mutation,7153,G,T,.,.,7154
698,mutation,7155,G,T,.,.,7156
699,mutation,7156,A,G,.,.,7157
700,mutation,7174,T,G,.,.,7175
701,mutation,7175,G,T,.,.,7176
702,mutation,7176,T,A,.,.,7177
703,mutation,7178,A,G,.,.,7179
704,mutation,7182,T,C,.,.,7183
705,mutation,7182,T,G,.,.,7183
706,mutation,7184,G,A,.,.,7185
707,mutation,7188,A,T,.,.,7189
708,mutation,7196,A,G,.,.,7197
709,mutation,7201,G,A,.,.,7202
710,mutation,7220,A,C,.,.,7221
711,mutation,7227,G,A,.,.,7228
712,mutation,7229,G,A,.,.,7230
713,mutation,7232,A,C,.,.,7233
714,mutation,7238,A,G,.,.,7239
715,mutation,7240,T,A,.,.,7241
716,mutation,7241,A,G,.,.,7242
717,mutation,7242,A,C,.,.,7243
718,mutation,7250,A,G,.,.,7251
719,mutation,7250,A,C,.,.,7251
720,mutation,7260,C,T,.,.,7261
721,mutation,7262,A,G,.,.,7263
722,mutation,7263,G,T,.,.,7264
723,mutation,7263,G,A,.,.,7264
724,mutation,7264,C,A,.,.,7265
725,mutation,7272,G,A,.,.,7273
726,mutation,7277,C,A,.,.,7278
727,mutation,7285,A,G,.,.,7286
728,mutation,7301,A,G,.,.,7302
729,mutation,7302,T,C,.,.,7303
730,mutation,7308,A,C,.,.,7309
731,mutation,7309,G,T,.,.,7310
732,mutation,7311,A,C,.,.,7312
733,mutation,7312,A,C,.,.,7313
734,mutation,7327,C,T,.,.,7328
735,mutation,7341,C,T,.,.,7342
736,mutation,7342,G,A,.,.,7343
737,mutation,7382,T,A,.,.,7383
738,mutation,7385,A,G,.,.,7386
739,mutation,7415,A,G,.,.,7416
740,mutation,7416,G,A,.,.,7417
741,mutation,7421,T,A,.,.,7422
742,mutation,7431,A,G,.,.,7432
743,mutation,7433,G,A,.,.,7434
744,mutation,7434,G,A,.,.,7435
745,mutation,7436,T,A,.,.,7437
746,mutation,7437,C,T,.,.,7438
747,mutation,7440,A,G,.,.,7441
748,mutation,7442,A,G,.,.,7443
749,mutation,7443,A,G,.,.,7444
750,mutation,7449,A,G,.,.,7450
751,mutation,7451,G,A,.,.,7452
752,mutation,7455,G,A,.,.,7456
753,mutation,7461,C,T,.,.,7462
754,mutation,7462,A,C,.,.,7463
755,mutation,7467,C,T,.,.,7468
756,mutation,7468,C,A,.,.,7469
757,mutation,7473,C,A,.,.,7474
758,mutation,7477,C,T,.,.,7478
759,mutation,7490,A,T,.,.,7491
760,mutation,7498,C,T,.,.,7499
761,mutation,7508,A,G,.,.,7509
762,mutation,7513,A,G,.,.,7514
763,mutation,7531,C,T,.,.,7532
764,mutation,7540,C,T,.,.,7541
765,mutation,7542,G,C,.,.,7543
766,mutation,7542,G,A,.,.,7543
767,mutation,7543,T,A,.,.,7544
768,mutation,7573,A,T,.,.,7574
769,mutation,7583,T,C,.,.,7584
770,mutation,7597,T,A,.,.,7598
771,mutation,7603,T,G,.,.,7604
772,mutation,7603,T,A,.,.,7604
773,mutation,7604,A,G,.,.,7605
774,mutation,7605,G,A,.,.,7606
775,mutation,7606,C,T,.,.,7607
776,mutation,7607,A,G,.,.,7608
777,mutation,7608,A,C,.,.,7609
778,mutation,7609,C,G,.,.,7610
779,mutation,7611,A,G,.,.,7612
780,mutation,7611,A,C,.,.,7612
781,mutation,7612,T,C,.,.,7613
782,mutation,7614,A,G,.,.,7615
783,mutation,7616,T,A,.,.,7617
784,mutation,7617,C,T,.,.,7618
785,mutation,7618,C,T,.,.,7619
786,mutation,7642,A,C,.,.,7643
787,mutation,7645,T,C,.,.,7646
788,mutation,7692,A,G,.,.,7693
789,mutation,7703,T,A,.,.,7704
790,mutation,7722,A,G,.,.,7723
791,mutation,7736,G,A,.,.,7737
792,mutation,7737,T,C,.,.,7738
793,mutation,7738,G,A,.,.,7739
794,mutation,7744,G,A,.,.,7745
795,mutation,7766,A,C,.,.,7767
796,mutation,7775,T,G,.,.,7776
797,mutation,7826,A,G,.,.,7827
798,mutation,7828,G,A,.,.,7829
799,mutation,7831,G,A,.,.,7832
800,mutation,7849,A,G,.,.,7850
801,mutation,7851,A,T,.,.,7852
802,mutation,7863,G,A,.,.,7864
803,mutation,7873,G,A,.,.,7874
804,mutation,7879,G,A,.,.,7880
805,mutation,7886,T,C,.,.,7887
806,mutation,7915,T,C,.,.,7916
807,mutation,7916,C,A,.,.,7917
808,mutation,7945,G,A,.,.,7946
809,mutation,7961,A,G,.,.,7962
810,mutation,7970,G,C,.,.,7971
811,mutation,7986,A,G,.,.,7987
812,mutation,8000,C,A,.,.,8001
813,mutation,8002,G,A,.,.,8003
814,mutation,8005,G,A,.,.,8006
815,mutation,8042,G,T,.,.,8043
816,mutation,8042,G,A,.,.,8043
817,mutation,8057,G,A,.,.,8058
818,mutation,8058,C,T,.,.,8059
819,mutation,8078,C,G,.,.,8079
820,mutation,8081,G,A,.,.,8082
821,mutation,8083,A,T,.,.,8084
822,mutation,8084,C,G,.,.,8085
823,mutation,8084,C,A,.,.,8085
824,mutation,8085,A,G,.,.,8086
825,mutation,8086,G,T,.,.,8087
826,mutation,8086,G,A,.,.,8087
827,mutation,8093,A,G,.,.,8094
828,mutation,8096,C,A,.,.,8097
829,mutation,8100,C,T,.,.,8101
830,mutation,8104,C,T,.,.,8105
831,mutation,8111,G,A,.,.,8112
832,mutation,8119,C,A,.,.,8120
833,mutation,8121,G,A,.,.,8122
834,mutation,8129,A,G,.,.,8130
835,mutation,8131,C,G,.,.,8132
836,mutation,8141,A,G,.,.,8142
837,mutation,8141,A,C,.,.,8142
838,mutation,8142,G,A,.,.,8143
839,mutation,8144,T,A,.,.,8145
840,mutation,8145,T,C,.,.,8146
841,mutation,8145,T,A,.,.,8146
842,mutation,8146,A,T,.,.,8147
843,mutation,8150,C,T,.,.,8151
844,mutation,8152,C,T,.,.,8153
845,mutation,8153,T,G,.,.,8154
846,mutation,8153,T,A,.,.,8154
847,mutation,8154,C,A,.,.,8155
848,mutation,8156,T,C,.,.,8157
849,mutation,8159,A,C,.,.,8160
850,mutation,8165,G,C,.,.,8166
851,mutation,8165,G,A,.,.,8166
852,mutation,8173,A,G,.,.,8174
853,mutation,8175,A,T,.,.,8176
854,mutation,8175,A,C,.,.,8176
855,mutation,8179,G,A,.,.,8180
856,mutation,8195,C,A,.,.,8196
857,mutation,8208,A,C,.,.,8209
858,mutation,8212,A,G,.,.,8213
859,mutation,8243,A,G,.,.,8244
860,mutation,8254,T,A,.,.,8255
861,mutation,8254,T,C,.,.,8255
862,mutation,8271,A,G,.,.,8272
863,mutation,8273,T,A,.,.,8274
864,mutation,8300,G,A,.,.,8301
865,mutation,8321,G,T,.,.,8322
866,mutation,8322,C,T,.,.,8323
867,mutation,8338,G,A,.,.,8339
868,mutation,8359,T,C,.,.,8360
869,mutation,8365,A,C,.,.,8366
870,mutation,8382,A,T,.,.,8383
871,mutation,8390,A,G,.,.,8391
872,mutation,8391,C,T,.,.,8392
873,mutation,8392,C,T,.,.,8393
874,mutation,8392,C,A,.,.,8393
875,mutation,8393,C,T,.,.,8394
876,mutation,8393,C,A,.,.,8394
877,mutation,8394,C,A,.,.,8395
878,mutation,8416,A,C,.,.,8417
879,mutation,8421,T,C,.,.,8422
880,mutation,8422,A,C,.,.,8423
881,mutation,8459,A,G,.,.,8460
882,mutation,8460,T,G,.,.,8461
883,mutation,8461,T,A,.,.,8462
884,mutation,8463,G,C,.,.,8464
885,mutation,8463,G,A,.,.,8464
886,mutation,8471,A,G,.,.,8472
887,mutation,8473,C,T,.,.,8474
888,mutation,8476,A,C,.,.,8477
889,mutation,8478,C,T,.,.,8479
890,mutation,8482,G,A,.,.,8483
891,mutation,8486,C,A,.,.,8487
892,mutation,8489,A,T,.,.,8490
893,mutation,8496,A,T,.,.,8497
894,mutation,8500,T,C,.,.,8501
895,mutation,8501,C,T,.,.,8502
896,mutation,8503,G,A,.,.,8504
897,mutation,8504,C,A,.,.,8505
898,mutation,8508,G,A,.,.,8509
899,mutation,8514,G,T,.,.,8515
900,mutation,8518,C,T,.,.,8519
901,mutation,8522,A,C,.,.,8523
902,mutation,8523,G,T,.,.,8524
903,mutation,8532,G,T,.,.,8533
904,mutation,8540,G,A,.,.,8541
905,mutation,8553,T,C,.,.,8554
906,mutation,8595,A,G,.,.,8596
907,mutation,8597,G,A,.,.,8598
908,mutation,8598,C,T,.,.,8599
909,mutation,8602,C,G,.,.,8603
910,mutation,8608,T,C,.,.,8609
911,mutation,8623,A,G,.,.,8624
912,mutation,8623,A,C,.,.,8624
913,mutation,8626,G,A,.,.,8627
914,mutation,8634,G,T,.,.,8635
915,mutation,8635,T,C,.,.,8636
916,mutation,8661,G,A,.,.,8662
917,mutation,8668,C,T,.,.,8669
918,mutation,8671,T,C,.,.,8672
919,mutation,8680,C,T,.,.,8681
920,mutation,8698,G,A,.,.,8699
921,mutation,8708,G,A,.,.,8709
922,mutation,8714,G,A,.,.,8715
923,mutation,8717,G,A,.,.,8718
924,mutation,8720,G,T,.,.,8721
925,mutation,8726,G,A,.,.,8727
926,mutation,8727,G,C,.,.,8728
927,mutation,8730,C,T,.,.,8731
928,mutation,8733,G,A,.,.,8734
929,mutation,8733,G,T,.,.,8734
930,mutation,8737,A,G,.,.,8738
931,mutation,8741,A,G,.,.,8742
932,mutation,8745,G,T,.,.,8746
933,mutation,8746,C,T,.,.,8747
934,mutation,8747,C,A,.,.,8748
935,mutation,8756,A,G,.,.,8757
936,mutation,8757,G,C,.,.,8758
937,mutation,8757,G,T,.,.,8758
938,mutation,8764,A,C,.,.,8765
939,mutation,8782,G,A,.,.,8783
940,mutation,8783,A,G,.,.,8784
941,mutation,8784,T,C,.,.,8785
942,mutation,8801,T,A,.,.,8802
943,mutation,8817,A,C,.,.,8818
944,mutation,8818,G,A,.,.,8819
945,mutation,8822,T,G,.,.,8823
946,mutation,8823,G,A,.,.,8824
947,mutation,8824,T,C,.,.,8825
948,mutation,8825,G,A,.,.,8826
949,mutation,8826,A,G,.,.,8827
950,mutation,8826,A,C,.,.,8827
951,mutation,8827,T,C,.,.,8828
952,mutation,8827,T,A,.,.,8828
953,mutation,8828,T,G,.,.,8829
954,mutation,8835,C,T,.,.,8836
955,mutation,8836,C,A,.,.,8837
956,mutation,8837,T,G,.,.,8838
957,mutation,8838,A,G,.,.,8839
958,mutation,8841,G,A,.,.,8842
959,mutation,8867,G,A,.,.,8868
960,mutation,8874,G,A,.,.,8875
961,mutation,8880,A,G,.,.,8881
962,mutation,8893,C,T,.,.,8894
963,mutation,8906,G,A,.,.,8907
964,mutation,8908,A,C,.,.,8909
965,mutation,8909,A,G,.,.,8910
966,mutation,8911,A,G,.,.,8912
967,mutation,8921,A,T,.,.,8922
968,mutation,8947,C,A,.,.,8948
969,mutation,8948,C,T,.,.,8949
970,mutation,8956,C,A,.,.,8957
971,mutation,8958,T,A,.,.,8959
972,mutation,8959,G,T,.,.,8960
973,mutation,8969,A,G,.,.,8970
974,mutation,8976,C,T,.,.,8977
975,mutation,8978,A,T,.,.,8979
976,mutation,8984,G,T,.,.,8985
977,mutation,8987,G,A,.,.,8988
978,mutation,8990,G,A,.,.,8991
979,mutation,9007,C,G,.,.,9008
980,mutation,9036,T,C,.,.,9037
981,mutation,9048,G,A,.,.,9049
982,mutation,9050,A,G,.,.,9051
983,mutation,9096,A,G,.,.,9097
984,mutation,9099,C,T,.,.,9100
985,mutation,9104,C,A,.,.,9105
986,mutation,9107,A,G,.,.,9108
987,mutation,9108,A,C,.,.,9109
988,mutation,9109,G,A,.,.,9110
989,mutation,9135,A,G,.,.,9136
990,mutation,9154,A,T,.,.,9155
991,mutation,9161,T,A,.,.,9162
992,mutation,9166,A,G,.,.,9167
993,mutation,9180,C,G,.,.,9181
994,mutation,9185,G,A,.,.,9186
995,mutation,9191,G,A,.,.,9192
996,mutation,9192,G,A,.,.,9193
997,mutation,9193,T,A,.,.,9194
998,mutation,9199,A,T,.,.,9200
999,mutation,9199,A,G,.,.,9200
1000,mutation,9200,T,G,.,.,9201
1001,mutation,9223,A,T,.,.,9224
1002,mutation,9242,G,T,.,.,9243
1003,mutation,9248,T,G,.,.,9249
1004,mutation,9252,G,A,.,.,9253
1005,mutation,9266,T,C,.,.,9267
1006,mutation,9267,A,G,.,.,9268
1007,mutation,9268,A,C,.,.,9269
1008,mutation,9269,A,C,.,.,9270
1009,mutation,9270,G,A,.,.,9271
1010,mutation,9276,A,G,.,.,9277
1011,mutation,9280,C,A,.,.,9281
1012,mutation,9282,A,T,.,.,9283
1013,mutation,9288,T,C,.,.,9289
1014,mutation,9297,G,A,.,.,9298
1015,mutation,9298,T,C,.,.,9299
1016,mutation,9299,G,T,.,.,9300
1017,mutation,9301,G,A,.,.,9302
1018,mutation,9304,T,A,.,.,9305
1019,mutation,9311,G,A,.,.,9312
1020,mutation,9312,A,G,.,.,9313
1021,mutation,9314,G,A,.,.,9315
1022,mutation,9317,T,C,.,.,9318
1023,mutation,9317,T,A,.,.,9318
1024,mutation,9321,C,T,.,.,9322
1025,mutation,9323,G,T,.,.,9324
1026,mutation,9323,G,A,.,.,9324
1027,mutation,9328,G,A,.,.,9329
1028,mutation,9329,A,G,.,.,9330
1029,mutation,9330,G,C,.,.,9331
1030,mutation,9334,T,G,.,.,9335
1031,mutation,9340,A,T,.,.,9341
1032,mutation,9346,G,A,.,.,9347
1033,mutation,9357,C,A,.,.,9358
1034,mutation,9358,G,A,.,.,9359
1035,mutation,9359,C,G,.,.,9360
1036,mutation,9368,T,G,.,.,9369
1037,mutation,9368,T,C,.,.,9369
1038,mutation,9403,T,A,.,.,9404
1039,mutation,9408,A,G,.,.,9409
1040,mutation,9413,C,A,.,.,9414
1041,mutation,9417,T,C,.,.,9418
1042,mutation,9418,A,C,.,.,9419
1043,mutation,9419,T,C,.,.,9420
1044,mutation,9420,C,T,.,.,9421
1045,mutation,9426,T,A,.,.,9427
1046,mutation,9427,G,T,.,.,9428
1047,mutation,9463,G,A,.,.,9464
1048,mutation,9465,C,T,.,.,9466
1049,mutation,9479,G,A,.,.,9480
1050,mutation,9505,C,G,.,.,9506
1051,mutation,9585,A,G,.,.,9586
1052,mutation,9633,T,C,.,.,9634
1053,mutation,9634,C,T,.,.,9635
1054,mutation,9634,C,A,.,.,9635
1055,mutation,9671,A,G,.,.,9672
1056,mutation,9690,C,A,.,.,9691
1057,mutation,9692,T,C,.,.,9693
1058,mutation,9698,C,T,.,.,9699
1059,mutation,9704,G,A,.,.,9705
